Shampoo Name,Hair Type,Avg Sentiment Score,Number of Reviews,Description,Price,Product URL,Product Image,Last Updated,Tags,Category
"Palmolive Naturals Ultra Smooth Shampoo 1L Pump, Pack of 3",straight,0.821961891,100,,,https://shopee.ph/Palmolive-Naturals-Ultra-Smooth-Shampoo-with-Aloe-Vera-for-Normal-Hair-1L-Pump-Value-Pack-of-3-i.1029353901.24109360449?extraParams=%7B%22display_model_id%22%3A59391268618%2C%22model_selection_logic%22%3A3%7D&sp_atk=ca6d8966-21e2-458b-8178-bff2183858ed&xptdk=ca6d8966-21e2-458b-8178-bff2183858ed,https://down-bs-us.img.susercontent.com/ph-11134207-7r98u-lqol0ovi62j352.jpg,16/11/2025 13:46,,
LOreal Professionnel Serie Expert Absolut Repair Gold Hair Mask (Dry and Damaged Hair) 250ml,straight,0.883489576,60,,"₱1,670",https://shopee.ph/L'Oreal-Professionnel-Serie-Expert-Absolut-Repair-Hair-Mask-Treatment-for-Dry-and-Damaged-Hair-250ml-i.181043577.4103999579,https://down-bs-us.img.susercontent.com/ph-11134201-23020-uydfi0x5bznv53.jpg,15/11/2025 0:58,,
Not Your Mother's Curl Talk Defining Hair Cream,straight,0.647431802,42,,,https://shopee.ph/Not-Your-Mother's-Curl-Talk-Conditioner-Curling-Hair-Cream-Treatment-i.154777432.5297795734,https://down-bs-us.img.susercontent.com/ph-11134207-7r98q-lon0hj5ukdd066.jpg,16/11/2025 14:20,,
"Curls by Zenutrients Leave-In Conditioner with Avocado & Tea Tree (Protein-Free, Curl Define & CGM)",curly,0.888588641,140,,,https://shopee.ph/Curls-by-Zenutrients-Leave-In-Conditioner-with-Avocado-Tea-Tree-(Protein-Free-Curl-Define-CGM)-i.211364681.3358703747?extraParams=%7B%22display_model_id%22%3A61486369160%2C%22model_selection_logic%22%3A3%7D&sp_atk=c2a0931b-428c-4492-a10b-1c1d73d90aee&xptdk=c2a0931b-428c-4492-a10b-1c1d73d90aee,https://down-bs-us.img.susercontent.com/ph-11134207-7rasi-m79l6yg25ho912.jpg,16/11/2025 14:28,,
Curlico. Curl Defining Crème Gel,curly,0.872499333,103,,,https://shopee.ph/Curlico.-Curl-Defining-Cr%C3%A8me-Gel-i.194314873.21181476122?extraParams=%7B%22display_model_id%22%3A196856541570%2C%22model_selection_logic%22%3A3%7D&sp_atk=964d6606-5f0a-487e-ba02-95072972a973&xptdk=964d6606-5f0a-487e-ba02-95072972a973,https://down-bs-us.img.susercontent.com/ph-11134207-7rasi-matgn20mpqjyc8.jpg,16/11/2025 22:19,,
Pantene Pro-V Shampoo Hair Fall Control Hair Care 1200ml,straight,0.831168608,178,"A hair fall treatment shampoo like no other. Pantene Hair Fall Control Shampoo strengthens your hair from root to tip. This shampoo is formulated with Pantene's nourishing blend of Pro-Vitamins, to protect hair from damage that results in breakage.",₱773,https://shopee.ph/Pantene-Pro-V-Shampoo-Hair-Fall-Control-Hair-Care-1200ml-i.73395170.22401848319?extraParams=%7B%22display_model_id%22%3A126982597832%2C%22model_selection_logic%22%3A3%7D&sp_atk=2f3a4bc7-67f7-463d-893f-2860e3b5f521&xptdk=2f3a4bc7-67f7-463d-893f-2860e3b5f521,https://down-bs-us.img.susercontent.com/ph-11134207-7rasf-m0v984r6569w37.jpg,18/11/2025 18:01,anti-frizz; smoothing; moisturizing,Shampoo
Sunsilk Smooth & Manageable Shampoo 350ml,straight,0.842817796,239,"Conquer the day with smooth and fragrant hair with our 5 flower perfumes that give you the hair fragrance you love. Sunsilk can give you soft, manageable hair you’ll enjoy all day with its fragrant hair products. Bouncy hair that remains perfectly straight all day long",₱215,https://shopee.ph/Sunsilk-Smooth-Manageable-Shampoo-350ml-i.40867978.1208071023?extraParams=%7B%22display_model_id%22%3A62042006892%2C%22model_selection_logic%22%3A3%7D&sp_atk=57501f8f-43a4-437a-8ca8-97529a95fe49&xptdk=57501f8f-43a4-437a-8ca8-97529a95fe49,https://down-bs-us.img.susercontent.com/ph-11134207-7r98u-lsmgbzavfoxh43.jpg,18/11/2025 18:47,anti-frizz; softening; smoothing,Shampoo
Dove Shampoo Straight & Silky 1.4L,straight,0.853032953,277,"Introducing NEW Dove with Bio Protein Care Powered by On-Trend and potent skincare ingredients for innovative, technology based damage repair technology. Experience the power of skincare for your hair.",₱772,https://shopee.ph/Dove-Bio-Keratin-Straight-Silky-Shampoo-1.4L-for-Straight-Smooth-Hair-against-Frizz-i.40867978.21628072507?extraParams=%7B%22display_model_id%22%3A48968238087%2C%22model_selection_logic%22%3A3%7D&sp_atk=92fdfccb-5930-4ab1-b0f0-d8b6d8acb902&xptdk=92fdfccb-5930-4ab1-b0f0-d8b6d8acb902,https://down-bs-us.img.susercontent.com/ph-11134207-7qul0-lkhubk46dkukc0.jpg,18/11/2025 20:30,anti-frizz; smoothing; straightening,Shampoo
Cream Silk Ultimate Reborn Hair Conditioner Standout Straight with Tri-Oleo 1.4L,straight,0.8646032,248,"Cream Silk Ultimate Reborn Hair Conditioner Standout Straight with Tri-Oleo 1.4L

NEW Cream Silk® with Advanced Hair Reborn* Technology and Frizz Defense Complex, customized with nutrients that penetrate and nourish every hair strand to transform frizzy hair to beyond beautiful.",₱900,https://shopee.ph/Cream-Silk-Vitamin-Boost-Standout-Straight-Conditioner-1.4L-i.40867978.19628120760?extraParams=%7B%22display_model_id%22%3A191456800293%2C%22model_selection_logic%22%3A3%7D&sp_atk=3a300ee3-0fcd-4ad6-bc0d-5f6dc961fd48&xptdk=3a300ee3-0fcd-4ad6-bc0d-5f6dc961fd48,https://down-bs-us.img.susercontent.com/ph-11134207-7qul3-lkhusgwjc0u64a.jpg,18/11/2025 21:43,straightening; taming; anti-frizz,Conditioner
PANTENE Conditioner 3 Minute Miracle Collagen Repair 150mL,straight,0.860015369,295,"Love styling but afraid of what damage it does to your hair? Fear not! Pantene 3 Minute Miracle Collagen Repair Conditioner is here to save the day, every day. It's ideal for dry, brittle, and damaged hair. It repairs 3 months of damage - in just 3 minutes! The Pro-V formula, blended with real collagen, penetrates into your hair's core, deeply hydrating your hair from within—repairing damage from root to tip",₱269,https://shopee.ph/PANTENE-Conditioner-3-Minute-Miracle-Collagen-Repair-150mL-i.92328166.18161206564?extraParams=%7B%22display_model_id%22%3A98441266593%2C%22model_selection_logic%22%3A3%7D&sp_atk=a5ba83fb-189e-48ac-be71-0b5ece3f139c&xptdk=a5ba83fb-189e-48ac-be71-0b5ece3f139c,https://down-bs-us.img.susercontent.com/ph-11134211-7qul2-lfox3hfh2nsk82.jpg,19/11/2025 22:41,anti-frizz; repair,Conditioner
Dove 1 Minute Amino Restore Conditioner 150ml,straight,0.851685913,238,"Dove Bio Keratin Straight and Silky is enriched with Bio-Keratin Anti-Frizz Serum, it smoothens hair and protects against humidity for 72 hours straight & frizz-free smoothness.",₱220,https://shopee.ph/Dove-Bio-Keratin-Straight-Silky-1-Minute-Conditioner-170mL-for-Straight-Smooth-Hair-i.40867978.7652708989?extraParams=%7B%22display_model_id%22%3A71026352917%2C%22model_selection_logic%22%3A3%7D&sp_atk=c8626306-ceb9-4e26-ba87-df1923367688&xptdk=c8626306-ceb9-4e26-ba87-df1923367688,https://down-bs-us.img.susercontent.com/ph-11134207-7qul9-lkhtztry6or055.jpg,19/11/2025 23:13,anti-frizz; smoothing,Conditioner
BUY 2 GET 1 Vitress Hair Polish Long Lasting Fragrance 100ml + FREE 50ml,straight,0.8545694,272,"Vitress Hair Polish Long lasting Fragrance has scent-infinity complex that keeps hair smelling fresh throughout the day for fragrant, shiny hair.",₱166,https://shopee.ph/BUY-2-GET-1-Vitress-Hair-Polish-Long-Lasting-Fragrance-100ml-FREE-50ml-i.264547661.22153448955?extraParams=%7B%22display_model_id%22%3A147000885214%2C%22model_selection_logic%22%3A3%7D&sp_atk=556024c5-93cc-4458-8dbf-4567e4c9f25b&xptdk=556024c5-93cc-4458-8dbf-4567e4c9f25b,https://down-bs-us.img.susercontent.com/ph-11134207-7r991-lmn6bqg01xpta7.jpg,19/11/2025 23:43,shine; anti-frizz; leave-in; smoothing,Styling Product
LUXE ORGANIX Curl Define Intensive Hydration Daily Shampoo 220ml,curly,0.863148573,297,"Say goodbye to frizzy and tangled curls! The Luxe Organix Premium Curl and Define Shampoo gently cleanses the hair while effective locking in moisture to prevent dryness. It is formulated with a blend of Jojoba, Avocado, and Moroccan Oil to keep curls strong, healthy, and bouncy embrace and revive your natural curls with this CGM approved shampoo that is perfect for everyday use.",₱199,https://shopee.ph/LUXE-ORGANIX-Curl-Define-Intensive-Hydration-Daily-Shampoo-270ml-i.92328166.21676504896?extraParams=%7B%22display_model_id%22%3A194076010777%2C%22model_selection_logic%22%3A3%7D&sp_atk=c9206ca0-4300-4215-8657-53fed780d124&xptdk=c9206ca0-4300-4215-8657-53fed780d124,https://down-bs-us.img.susercontent.com/ph-11134207-7r991-lstcj9g0u43o6b.jpg,22/11/2025 13:35,curl-defining; hydrating; sulfate-free,Shampoo
Luxe Organix Curl Define Intensive Hydration Daily Conditioner 210ml,curly,0.880875886,292,"Say goodbye to frizzy and tangled curls! The Luxe Organix Premium Curl and Define Conditioner penetrates deeply into the hair follicles to seal in moisture and reduce frizziness. It is formulated with a blend of Jojoba, Avocado, and Moroccan Oil that leaves hair soft, silky, and shiny! embrace and revive your natural curls with this CGM approved conditioner that is perfect for everyday use.",₱199,https://shopee.ph/LUXE-ORGANIX-Curl-Define-Intensive-Hydration-Daily-Conditioner-250ml-i.92328166.18776517276?extraParams=%7B%22display_model_id%22%3A165733224698%2C%22model_selection_logic%22%3A3%7D&sp_atk=3993c8b8-2f6c-4688-8162-5c604c31e639&xptdk=3993c8b8-2f6c-4688-8162-5c604c31e639,https://down-bs-us.img.susercontent.com/ph-11134207-7r990-lstcj9g114xwea.jpg,22/11/2025 16:20,curl-enhancing; hydrating; anti-frizz,Conditioner
LUXE ORGANIX Premium Keratin Argan Shampoo 210ml,wavy,0.84863652,171,"Luxe Organix Keratin Shampoo with Argan oil is perfect for daily use.



- Enriched with Argan oil that helps nourish and make hair manageable

- Formulated in Canada

- Paraben Free

- For all hair types",₱129,https://shopee.ph/LUXE-ORGANIX-Premium-Keratin-Argan-Shampoo-210ml-i.92328166.7952016243?extraParams=%7B%22display_model_id%22%3A70975415592%2C%22model_selection_logic%22%3A3%7D&sp_atk=650f274c-f2d3-4835-9d63-b8c834653be6&xptdk=650f274c-f2d3-4835-9d63-b8c834653be6,https://down-bs-us.img.susercontent.com/6a37d9933e56a62adc6b1bee2b335f56.jpg,22/11/2025 16:33,keratin; anti-frizz; sulfate-free,Shampoo
Herbal Essences Shampoo Scalp Soothing Tea Tree Oil Hair Care 400ml,wavy,0.850311541,100,"New! Experience the refreshing cleanse of Herbal Essences Bio:renew Tea Tree Oil Hair & Scalp Shampoo. Infused with Real Australian Tea Tree Oil, this scalp-soothing formula works to gently remove impurities and buildup, greatly reducing dryness and flakiness. Our carefully selected botanicals are endorsed by a world-leading authority on plant science, the Royal Botanic Gardens, Kew. With 0% silicones, parabens, and colorants, this shampoo gives you clean, residue-free nourishment you can truly feel.",₱475,https://shopee.ph/Herbal-Essences-Shampoo-Scalp-Soothing-Tea-Tree-Oil-Hair-Care-400ml-i.73395170.14051873753?extraParams=%7B%22display_model_id%22%3A142419693931%2C%22model_selection_logic%22%3A3%7D&sp_atk=c018d69a-6b61-4728-98fc-e8cf35625b8d&xptdk=c018d69a-6b61-4728-98fc-e8cf35625b8d,https://down-bs-us.img.susercontent.com/ph-11134207-7rasf-m5drffz1fvoa47.jpg,22/11/2025 16:48,hydrating; moisturizing; softening,Shampoo
Herbal Essences Conditioner Repair Argan Oil of Morocco Hair Care 600ml,wavy,0.879145611,121,"Need a conditioner that delivers 90% Natural Origin* ingredients, a fantastic scent, and naturally beautiful results?

Herbal Essences Bio:renew Argan Oil of Morocco Repair Conditioner revives dull hair, repairs split ends, and restores your hair's smooth texture. Enjoy soft and supple tresses thanks to a specially-crafted formula made with real botanicals endorsed by the Royal Botanic Gardens, Kew—the world's leading authority on plants.",,https://shopee.ph/Herbal-Essences-Conditioner-Repair-Argan-Oil-of-Morocco-Hair-Care-600ml-i.73395170.7058590143?extraParams=%7B%22display_model_id%22%3A51484852803%7D,https://down-bs-us.img.susercontent.com/ph-11134207-7r98r-m03uf7v4wxny08.jpg,22/11/2025 16:58,hydrating; moisturizing; softening,Conditioner
DOVE Nourishing Oil Care 1 Minute Serum Conditioner 150ml,wavy,0.844917625,99,"New Dove 1 Minute Serum Conditioners, infused with the transformative power of serum capsules that deeply penetrate the hair to repair from within.",₱220,https://shopee.ph/DOVE-Restorative-Oil-Nourishing-Care-Conditioner-170ml-i.92328166.2542173114?extraParams=%7B%22display_model_id%22%3A70422990222%2C%22model_selection_logic%22%3A3%7D&sp_atk=82ddad23-dd0c-4229-9f52-a38c55ab7dee&xptdk=82ddad23-dd0c-4229-9f52-a38c55ab7dee,https://down-bs-us.img.susercontent.com/ph-11134211-7qul2-lf4vc1t76yoe7c.jpg,22/11/2025 17:08,anti-frizz; oil-infused; hydrating,Conditioner
MONEA Curl Defining Milk Hair Lotion 200ml,curly,0.883103878,297,"Hair Lotion

Creating shiny and moisturized curls

Leaves hair silky smooth and manageable

It gives awesome definition and bounce to curly or wavy hair",₱105,https://shopee.ph/MONEA-Curl-Defining-Milk-Hair-Lotion-200ml-i.92328166.2251374906?extraParams=%7B%22display_model_id%22%3A60422990145%2C%22model_selection_logic%22%3A3%7D&sp_atk=d362322b-6472-4307-83e3-f2a3f0df08fb&xptdk=d362322b-6472-4307-83e3-f2a3f0df08fb,https://down-bs-us.img.susercontent.com/ph-11134211-7qul9-lg0oag82bek846.jpg,22/11/2025 17:29,curl-enhancing; soft-hold; hydrating,Styling Product
Tresemme Hair Styling Spray Protecting Heat 8oz,wavy,0.820919508,127,"For 70 years, TRESemmé has helped women express themselves confidently as they make their mark on the world. Driven by a simple truth: every woman deserves to look and feel fabulous, like they've just stepped out of the salon.",₱558,https://shopee.ph/Tresemme-Hair-Styling-Spray-Protecting-Heat-8oz-i.40867978.28424088628?extraParams=%7B%22display_model_id%22%3A195739340531%2C%22model_selection_logic%22%3A3%7D&sp_atk=44873774-2af8-4b67-a827-9ee0c8a2275c&xptdk=44873774-2af8-4b67-a827-9ee0c8a2275c,https://down-bs-us.img.susercontent.com/ph-11134207-81ztk-mf96s0rl94i6c0.jpg,22/11/2025 17:41,heat-protectant; anti-frizz; keratin,Styling Product
LUXE ORGANIX Premium Keratin Curl and Define Treatment 120ml,curly,0.871476661,240,"Luxe Organix Premium Keratin  Curling Essence is a lightweight essence for naturally bouncy curls.  



Easily defines curls enriched with Moroccan Oil to hydrate and repair damaged hair.",₱118,https://shopee.ph/LUXE-ORGANIX-Premium-Keratin-Curl-and-Define-Treatment-120ml-i.92328166.5151253393?extraParams=%7B%22display_model_id%22%3A40918900336%2C%22model_selection_logic%22%3A3%7D&sp_atk=da8fb10c-46cd-48ae-9881-e5fe2b49ef22&xptdk=da8fb10c-46cd-48ae-9881-e5fe2b49ef22,https://down-bs-us.img.susercontent.com/dfd950704d063d2c42e867f7aa260ff6.jpg,22/11/2025 18:37,curl-defining; anti-frizz; moisturizing,Styling Product
CREAMSILK Ultimate Reborn Hairfall Defense Tri-Oleo Conditioner 180ml,wavy,0.838012575,288,"Cream Silk® with Advanced Hair Reborn Technology and Break-Shield Complex, customized with nutrients that penetrate and nourish every hair strand to transform weak hair to beyond beautiful.",₱162,https://shopee.ph/CREAMSILK-Ultimate-Reborn-Hairfall-Defense-Tri-Oleo-Conditioner-180ml-i.92328166.2543641776?extraParams=%7B%22display_model_id%22%3A40422990310%2C%22model_selection_logic%22%3A3%7D&sp_atk=7571da10-fd40-4739-a439-3cb89b5ddcb0&xptdk=7571da10-fd40-4739-a439-3cb89b5ddcb0,https://down-bs-us.img.susercontent.com/4727ad5a795d194c1a1ad91b5bf70568.jpg,22/11/2025 20:49,repair; softening; daily-use,Conditioner
DOVE Nourishing Oil Care 1 Minute Serum Conditioner 150ml,curly,0.843475615,98,"""Discover our next generation of conditioners-- 

New Dove 1 Minute Serum Conditioners, infused with the transformative power of serum capsules that deeply penetrate the hair to repair from within. 

Dove Nourishing Oil Care 1 Minute Serum Conditioner instantly nourishes and transforms even extra dry, rough hair to sublimely soft and smooth.",₱220,https://shopee.ph/DOVE-Restorative-Oil-Nourishing-Care-Conditioner-170ml-i.92328166.2542173114?extraParams=%7B%22display_model_id%22%3A70422990222%2C%22model_selection_logic%22%3A3%7D&sp_atk=ca6b455d-39ea-4cb6-a4f7-b38aa3166837&xptdk=ca6b455d-39ea-4cb6-a4f7-b38aa3166837,https://down-bs-us.img.susercontent.com/ph-11134211-7qul2-lf4vc1t76yoe7c.jpg,22/11/2025 21:14,hydrating; oil-infused; anti-frizz,Conditioner
Palmolive Naturals Silky Straight with Keratin Cream Conditioner 180ml,straight,0.8580888783757067,273,"Palmolive Naturals Silky Straight with Keratin Cream Conditioner 180ml



• Palmolive Naturals Silky Straight Conditioner is infused with Keratin Protein & 100% Natural Olive Oil Extract

• Its exclusive formula deeply nourishes

• Protects hair from stickiness, frizz, and fly-aways, for all day naturally straight* hair! 

• Enjoy its scent-sational fragrance too.",₱120,https://shopee.ph/Palmolive-Naturals-Silky-Straight-Conditioner-with-Olive-Oil-Keratin-for-Straight-Hair-180ml-i.1029353901.23675109119?extraParams=%7B%22display_model_id%22%3A204465791760%2C%22model_selection_logic%22%3A3%7D&sp_atk=81a23917-2764-4d9a-a5a0-2fac36ee891d&xptdk=81a23917-2764-4d9a-a5a0-2fac36ee891d,https://down-bs-us.img.susercontent.com/ph-11134207-7qul2-ljpgc93bkigc2b.jpg,23/11/2025 15:08,straightening; smooth; shine,Conditioner
Cream Silk Triple Keratin Rescue Ultra Conditioner Ultimate Repair and Shine 170ml,curly,0.8405897635009449,253,"Nourishes each hair strand and helps repair damage inside and out for hair that's ultimately healthy and shiny* 

*Lab-tested, vs. non-conditioning shampoo, with regular use",₱221,https://shopee.ph/Cream-Silk-Triple-Keratin-Serum-Conditioner-Ultimate-Repair-Shine-170ml-i.40867978.1239418278?extraParams=%7B%22display_model_id%22%3A32042721994%2C%22model_selection_logic%22%3A3%7D&sp_atk=507e69ec-888d-4ec3-89f1-2a933305fa0e&xptdk=507e69ec-888d-4ec3-89f1-2a933305fa0e,https://down-bs-us.img.susercontent.com/ph-11134207-7qul4-lkhxxbphzmm6a0.jpg,23/11/2025 15:10,keratin; repair; smoothing,Conditioner
"Curls by Zenutrients Avocado & Tea Tree Sulfate-Free Shampoo 500ml (Curl Define, Organic & CGM)",curly,0.8689647271146987,358,"Curls by Zenutrients Avocado & Tea Tree Sulfate-Free Shampoo (zenutrients curls, curls by zen, Curls by zenutrients, Curls by zen nutrients, curls by zenutrients shampoo, Curl, curls,  curly hair, avocado shampoo, curl hair shampoo, curls shampoo, Shampoo for curly hair , Curly hair shampoo, Curly shampoo, avocado)

 

Use this sulfate, paraben, protein and silicone-free low foam wash to gently clean your hair.",₱479,https://shopee.ph/Curls-by-Zenutrients-Avocado-Tea-Tree-Sulfate-Free-Shampoo-500ml-(Curl-Define-Organic-CGM)-i.211364681.5541590240?extraParams=%7B%22display_model_id%22%3A21216858086%2C%22model_selection_logic%22%3A3%7D&sp_atk=baa3c558-a290-4263-a9d5-5461f6ef461c&xptdk=baa3c558-a290-4263-a9d5-5461f6ef461c,https://down-bs-us.img.susercontent.com/ph-11134207-7rasa-m79ln5x8ayya93.jpg,2025-11-25 01:55:20,sulfate-free; curl-defining; hydrating; moisturizing,Shampoo
