Product Name,Hair Type,Comment,Sentiment Score,User Name,Comment Date,Product URL,Product Image,Description,Price,Analyzed Date
LOreal Professionnel Serie Expert Absolut Repair Gold Hair Mask (Dry and Damaged Hair) 250ml,straight,Thanks seller 2 days lng na received ko na agad. Ginamit ko na kanina ang ganda ng result binabad ko lng ng 30 minutes tas nirinse ko na. Hindi na ko nag conditioner. Ang lambot at ang bango sa buhok. Parang magic nawala agad ung frizzy and damage hair. Isang gamit pa lang super effective. Bibili ulit ako pag naubos. Thank you kay kuya rider.,0.769356369972229,jenhias.beauty.shop,2024-10-29T12:43:39.000Z,https://shopee.ph/L'Oreal-Professionnel-Serie-Expert-Absolut-Repair-Hair-Mask-Treatment-for-Dry-and-Damaged-Hair-250ml-i.181043577.4103999579?extraParams=%7B%22display_model_id%22%3A130814138797%2C%22model_selection_logic%22%3A3%7D&sp_atk=edf122b9-9e73-4bf7-a2d2-9983f81b54d3&xptdk=edf122b9-9e73-4bf7-a2d2-9983f81b54d3,https://down-bs-us.img.susercontent.com/ph-11134201-23020-uydfi0x5bznv53.jpg,,"₱1,670",2025-11-15 00:49:03
LOreal Professionnel Serie Expert Absolut Repair Gold Hair Mask (Dry and Damaged Hair) 250ml,straight,"Effectiveness:Worth it!
Fragrance:Light and long lasting smell

Wanna share my secret to soft and shiny hair. Last month, my hair was very dry and itchy. As in buhaghag girl! Then one of the staff from David’s recommended this product. Best decision ever! I’m using this treatment twice a week (together with my purifying shampoo) no need to visit salon for keratin treatment, as in kaya pala DIY sa bahay. 👍🏻",0.8985052704811096,c*****i,2023-12-13T11:14:35.000Z,https://shopee.ph/L'Oreal-Professionnel-Serie-Expert-Absolut-Repair-Hair-Mask-Treatment-for-Dry-and-Damaged-Hair-250ml-i.181043577.4103999579?extraParams=%7B%22display_model_id%22%3A130814138797%2C%22model_selection_logic%22%3A3%7D&sp_atk=edf122b9-9e73-4bf7-a2d2-9983f81b54d3&xptdk=edf122b9-9e73-4bf7-a2d2-9983f81b54d3,https://down-bs-us.img.susercontent.com/ph-11134201-23020-uydfi0x5bznv53.jpg,,"₱1,670",2025-11-15 00:49:03
LOreal Professionnel Serie Expert Absolut Repair Gold Hair Mask (Dry and Damaged Hair) 250ml,straight,"Fragrance:i like the fragrance effect of this product and it last long within the day
Benefits:I have been using this product long time ago and of course i buy on this store  and all i can say is that it really make my hair smooth and shiny
Packaging:well package and secure from seller and thans for that

I can manifest that this product really works on my hair and i know yours too so try now and experience smoothness and shinier hair.",0.8670213222503662,a*****3,2025-05-06T04:53:52.000Z,https://shopee.ph/L'Oreal-Professionnel-Serie-Expert-Absolut-Repair-Hair-Mask-Treatment-for-Dry-and-Damaged-Hair-250ml-i.181043577.4103999579?extraParams=%7B%22display_model_id%22%3A130814138797%2C%22model_selection_logic%22%3A3%7D&sp_atk=edf122b9-9e73-4bf7-a2d2-9983f81b54d3&xptdk=edf122b9-9e73-4bf7-a2d2-9983f81b54d3,https://down-bs-us.img.susercontent.com/ph-11134201-23020-uydfi0x5bznv53.jpg,,"₱1,670",2025-11-15 00:49:03
LOreal Professionnel Serie Expert Absolut Repair Gold Hair Mask (Dry and Damaged Hair) 250ml,straight,"User Tips:to make your hair smooth and at the same time protect this one for you absolutely repair your damaged hair
Benefits:very nice product although expensive
Fragrance:smooth fragrance

Received my order complete and very good in packaging thank you seller safely arrived secure no dents. To courier thank you for handling it well",0.7942097187042236,f*****2,2025-02-24T04:56:54.000Z,https://shopee.ph/L'Oreal-Professionnel-Serie-Expert-Absolut-Repair-Hair-Mask-Treatment-for-Dry-and-Damaged-Hair-250ml-i.181043577.4103999579?extraParams=%7B%22display_model_id%22%3A130814138797%2C%22model_selection_logic%22%3A3%7D&sp_atk=edf122b9-9e73-4bf7-a2d2-9983f81b54d3&xptdk=edf122b9-9e73-4bf7-a2d2-9983f81b54d3,https://down-bs-us.img.susercontent.com/ph-11134201-23020-uydfi0x5bznv53.jpg,,"₱1,670",2025-11-15 00:49:03
LOreal Professionnel Serie Expert Absolut Repair Gold Hair Mask (Dry and Damaged Hair) 250ml,straight,"Im si happy sa product matagal na ko nag gagamit ng loreal product  peri pinakanagustuhan ko talaga ngayong 11:11 yung gift nila nag expect lang ako na my gift  ng hair iron pero sobra ako happy kc din lang hair iron binigay nila gift nag bigay pa si loreal ng pang kulot and super cute na pouch. And hight quality talaga ang  gift nila. Kaya sobra happy me .
Thank you so much loreal😘😘😘😘",0.8952776193618774,tintinbaricante,2023-11-16T15:56:50.000Z,https://shopee.ph/L'Oreal-Professionnel-Serie-Expert-Absolut-Repair-Hair-Mask-Treatment-for-Dry-and-Damaged-Hair-250ml-i.181043577.4103999579?extraParams=%7B%22display_model_id%22%3A130814138797%2C%22model_selection_logic%22%3A3%7D&sp_atk=edf122b9-9e73-4bf7-a2d2-9983f81b54d3&xptdk=edf122b9-9e73-4bf7-a2d2-9983f81b54d3,https://down-bs-us.img.susercontent.com/ph-11134201-23020-uydfi0x5bznv53.jpg,,"₱1,670",2025-11-15 00:49:03
LOreal Professionnel Serie Expert Absolut Repair Gold Hair Mask (Dry and Damaged Hair) 250ml,straight,Excellent quality! Quick delivery. Ever so marvelous packaging. First-rate service. The item was outstanding. Packaging was good. Remarkably pleased. Will surely order again,0.974477231502533,dappermd,2023-01-11T09:31:00.000Z,https://shopee.ph/L'Oreal-Professionnel-Serie-Expert-Absolut-Repair-Hair-Mask-Treatment-for-Dry-and-Damaged-Hair-250ml-i.181043577.4103999579?extraParams=%7B%22display_model_id%22%3A130814138797%2C%22model_selection_logic%22%3A3%7D&sp_atk=edf122b9-9e73-4bf7-a2d2-9983f81b54d3&xptdk=edf122b9-9e73-4bf7-a2d2-9983f81b54d3,https://down-bs-us.img.susercontent.com/ph-11134201-23020-uydfi0x5bznv53.jpg,,"₱1,670",2025-11-15 00:49:03
LOreal Professionnel Serie Expert Absolut Repair Gold Hair Mask (Dry and Damaged Hair) 250ml,straight,"Fragrance:Nice and Mild
Effectiveness:Very soft and smooth hair
Texture:cream type but not sticky

Ordered received in good condition. Correct order with free jewellery box. Been using it for years since my hair stylish before reco hair mask instead of conditioner. Thanks",0.8444133996963501,maryrochengomez,2023-12-18T05:01:41.000Z,https://shopee.ph/L'Oreal-Professionnel-Serie-Expert-Absolut-Repair-Hair-Mask-Treatment-for-Dry-and-Damaged-Hair-250ml-i.181043577.4103999579?extraParams=%7B%22display_model_id%22%3A130814138797%2C%22model_selection_logic%22%3A3%7D&sp_atk=edf122b9-9e73-4bf7-a2d2-9983f81b54d3&xptdk=edf122b9-9e73-4bf7-a2d2-9983f81b54d3,https://down-bs-us.img.susercontent.com/ph-11134201-23020-uydfi0x5bznv53.jpg,,"₱1,670",2025-11-15 00:49:03
LOreal Professionnel Serie Expert Absolut Repair Gold Hair Mask (Dry and Damaged Hair) 250ml,straight,"Effectiveness:super effective
Texture:creamy
Fragrance:super fragrant

Thank you bilis ma deliver ang bango nya at super lambot sa buhok lalo na damage ang hair ko sa bleach definitely will order again",0.9044089913368224,angelbarbieg,2024-07-06T01:48:46.000Z,https://shopee.ph/L'Oreal-Professionnel-Serie-Expert-Absolut-Repair-Hair-Mask-Treatment-for-Dry-and-Damaged-Hair-250ml-i.181043577.4103999579?extraParams=%7B%22display_model_id%22%3A130814138797%2C%22model_selection_logic%22%3A3%7D&sp_atk=edf122b9-9e73-4bf7-a2d2-9983f81b54d3&xptdk=edf122b9-9e73-4bf7-a2d2-9983f81b54d3,https://down-bs-us.img.susercontent.com/ph-11134201-23020-uydfi0x5bznv53.jpg,,"₱1,670",2025-11-15 00:49:03
LOreal Professionnel Serie Expert Absolut Repair Gold Hair Mask (Dry and Damaged Hair) 250ml,straight,"Fragrance:sakto lang
Effectiveness:diko pa natry
Texture:soft

Legit loreal. Thank You loreal sa big discount and thank You shopee. Thank You din po Kay kua rider. Diko pa natatry pero ieedit ko nalang comment ko once natry Kona kung ano pong result pag nagamit kona sya.",0.6768320202827454,camilletotx,2023-10-02T08:06:37.000Z,https://shopee.ph/L'Oreal-Professionnel-Serie-Expert-Absolut-Repair-Hair-Mask-Treatment-for-Dry-and-Damaged-Hair-250ml-i.181043577.4103999579?extraParams=%7B%22display_model_id%22%3A130814138797%2C%22model_selection_logic%22%3A3%7D&sp_atk=edf122b9-9e73-4bf7-a2d2-9983f81b54d3&xptdk=edf122b9-9e73-4bf7-a2d2-9983f81b54d3,https://down-bs-us.img.susercontent.com/ph-11134201-23020-uydfi0x5bznv53.jpg,,"₱1,670",2025-11-15 00:49:04
LOreal Professionnel Serie Expert Absolut Repair Gold Hair Mask (Dry and Damaged Hair) 250ml,straight,"Excellent product. Been using this 3x already since receiving it, and so far, I’m very satisfied. Hair feel soft, bit shinier and hair frizz greatly improved.  
Photo and video not related.",0.9819059371948242,m*****8,2022-10-04T12:45:29.000Z,https://shopee.ph/L'Oreal-Professionnel-Serie-Expert-Absolut-Repair-Hair-Mask-Treatment-for-Dry-and-Damaged-Hair-250ml-i.181043577.4103999579?extraParams=%7B%22display_model_id%22%3A130814138797%2C%22model_selection_logic%22%3A3%7D&sp_atk=edf122b9-9e73-4bf7-a2d2-9983f81b54d3&xptdk=edf122b9-9e73-4bf7-a2d2-9983f81b54d3,https://down-bs-us.img.susercontent.com/ph-11134201-23020-uydfi0x5bznv53.jpg,,"₱1,670",2025-11-15 00:49:04
LOreal Professionnel Serie Expert Absolut Repair Gold Hair Mask (Dry and Damaged Hair) 250ml,straight,💥💥💥thank you for this order. Good quality and the item was shipped in good order. I will definitely recommend this shop and will definitely buy again.  Legit seller and recommended store. 👍👍👍👍 God job!,0.9378690123558044,m*****k,2024-09-15T08:44:42.000Z,https://shopee.ph/L'Oreal-Professionnel-Serie-Expert-Absolut-Repair-Hair-Mask-Treatment-for-Dry-and-Damaged-Hair-250ml-i.181043577.4103999579?extraParams=%7B%22display_model_id%22%3A130814138797%2C%22model_selection_logic%22%3A3%7D&sp_atk=edf122b9-9e73-4bf7-a2d2-9983f81b54d3&xptdk=edf122b9-9e73-4bf7-a2d2-9983f81b54d3,https://down-bs-us.img.susercontent.com/ph-11134201-23020-uydfi0x5bznv53.jpg,,"₱1,670",2025-11-15 00:49:04
LOreal Professionnel Serie Expert Absolut Repair Gold Hair Mask (Dry and Damaged Hair) 250ml,straight,💥💥💥thank you for this order. Good quality and the item was shipped in good order. I will definitely recommend this shop and will definitely buy again.  Legit seller and recommended store. 👍👍👍👍 God job!,0.9378690123558044,m*****k,2024-02-10T06:39:45.000Z,https://shopee.ph/L'Oreal-Professionnel-Serie-Expert-Absolut-Repair-Hair-Mask-Treatment-for-Dry-and-Damaged-Hair-250ml-i.181043577.4103999579?extraParams=%7B%22display_model_id%22%3A130814138797%2C%22model_selection_logic%22%3A3%7D&sp_atk=edf122b9-9e73-4bf7-a2d2-9983f81b54d3&xptdk=edf122b9-9e73-4bf7-a2d2-9983f81b54d3,https://down-bs-us.img.susercontent.com/ph-11134201-23020-uydfi0x5bznv53.jpg,,"₱1,670",2025-11-15 00:49:04
LOreal Professionnel Serie Expert Absolut Repair Gold Hair Mask (Dry and Damaged Hair) 250ml,straight,"As a girl who enjoys coloring her hair and styling that causes my hair to become dry and frizzy, I began using LOreal Professionnel Serie Expert Absolut Repair Gold Hair Mask, which enabled my hair to be smooth and restore its shine.

I can never go wrong with this product, and it's always among my essentials",0.9883258938789368,deniceannesuan,2023-06-01T05:38:33.000Z,https://shopee.ph/L'Oreal-Professionnel-Serie-Expert-Absolut-Repair-Hair-Mask-Treatment-for-Dry-and-Damaged-Hair-250ml-i.181043577.4103999579?extraParams=%7B%22display_model_id%22%3A130814138797%2C%22model_selection_logic%22%3A3%7D&sp_atk=edf122b9-9e73-4bf7-a2d2-9983f81b54d3&xptdk=edf122b9-9e73-4bf7-a2d2-9983f81b54d3,https://down-bs-us.img.susercontent.com/ph-11134201-23020-uydfi0x5bznv53.jpg,,"₱1,670",2025-11-15 00:49:04
LOreal Professionnel Serie Expert Absolut Repair Gold Hair Mask (Dry and Damaged Hair) 250ml,straight,"Texture:Smooth
Fragrance:Good
Effectiveness:Not yet tried

Will try. Mostly recommended naman yung products ng Loreal. May pa freebies pa na hair curler and jewelry box",0.8307753801345825,a*****a,2023-09-13T09:52:51.000Z,https://shopee.ph/L'Oreal-Professionnel-Serie-Expert-Absolut-Repair-Hair-Mask-Treatment-for-Dry-and-Damaged-Hair-250ml-i.181043577.4103999579?extraParams=%7B%22display_model_id%22%3A130814138797%2C%22model_selection_logic%22%3A3%7D&sp_atk=edf122b9-9e73-4bf7-a2d2-9983f81b54d3&xptdk=edf122b9-9e73-4bf7-a2d2-9983f81b54d3,https://down-bs-us.img.susercontent.com/ph-11134201-23020-uydfi0x5bznv53.jpg,,"₱1,670",2025-11-15 00:49:04
LOreal Professionnel Serie Expert Absolut Repair Gold Hair Mask (Dry and Damaged Hair) 250ml,straight,"The best shampoo and conditioner I’ve ever tried. Dami ko na nagamit na hair cair products pero ito talaga ang sagot mga mare. Grabe super soft at bango ng hair ko dito. Take note my hair was so frizzy, dry, and damaged before as in! But now dami nagsasabi na ang healthy na ng hair ko. Pricey but super worth it!!! 🥰😍🤗🫶🏻 
Also thanks Loreal sa pafreebie hihi kiligs 🥰",0.9260184168815612,j*****o,2024-10-12T06:32:34.000Z,https://shopee.ph/L'Oreal-Professionnel-Serie-Expert-Absolut-Repair-Hair-Mask-Treatment-for-Dry-and-Damaged-Hair-250ml-i.181043577.4103999579?extraParams=%7B%22display_model_id%22%3A130814138797%2C%22model_selection_logic%22%3A3%7D&sp_atk=edf122b9-9e73-4bf7-a2d2-9983f81b54d3&xptdk=edf122b9-9e73-4bf7-a2d2-9983f81b54d3,https://down-bs-us.img.susercontent.com/ph-11134201-23020-uydfi0x5bznv53.jpg,,"₱1,670",2025-11-15 00:49:04
LOreal Professionnel Serie Expert Absolut Repair Gold Hair Mask (Dry and Damaged Hair) 250ml,straight,"Got it within a week. Glad I caught it when there was a sale/ promo— they gave absolute repair oil tester bottle and a sachet of their hair repair shampoo. 

It’s my second time to buy, and I can honestly observe that my balayage-dried-up hair is a little less brittle because I used this hair mask. Pricey but worth it. ☺️",0.9691108465194702,k*****1,2024-02-20T15:12:29.000Z,https://shopee.ph/L'Oreal-Professionnel-Serie-Expert-Absolut-Repair-Hair-Mask-Treatment-for-Dry-and-Damaged-Hair-250ml-i.181043577.4103999579?extraParams=%7B%22display_model_id%22%3A130814138797%2C%22model_selection_logic%22%3A3%7D&sp_atk=edf122b9-9e73-4bf7-a2d2-9983f81b54d3&xptdk=edf122b9-9e73-4bf7-a2d2-9983f81b54d3,https://down-bs-us.img.susercontent.com/ph-11134201-23020-uydfi0x5bznv53.jpg,,"₱1,670",2025-11-15 00:49:04
LOreal Professionnel Serie Expert Absolut Repair Gold Hair Mask (Dry and Damaged Hair) 250ml,straight,"Texture:fine
Fragrance:mild
Effectiveness:great

Well packed, received in good condition. No leaks or damage. Thank you seller for the freebies.  I got higher discount 😊",0.9149380922317504,n*****1,2024-02-05T09:54:12.000Z,https://shopee.ph/L'Oreal-Professionnel-Serie-Expert-Absolut-Repair-Hair-Mask-Treatment-for-Dry-and-Damaged-Hair-250ml-i.181043577.4103999579?extraParams=%7B%22display_model_id%22%3A130814138797%2C%22model_selection_logic%22%3A3%7D&sp_atk=edf122b9-9e73-4bf7-a2d2-9983f81b54d3&xptdk=edf122b9-9e73-4bf7-a2d2-9983f81b54d3,https://down-bs-us.img.susercontent.com/ph-11134201-23020-uydfi0x5bznv53.jpg,,"₱1,670",2025-11-15 00:49:04
LOreal Professionnel Serie Expert Absolut Repair Gold Hair Mask (Dry and Damaged Hair) 250ml,straight,"Effectiveness:Leaves hair very soft
Fragrance:My favorite aspect of the product, has melon scent!
Texture:Also very nice, creamy and smooth.

Helps give moisture to my dry, bleached hair!",0.9798770546913148,chiatolentino,2022-02-09T03:09:51.000Z,https://shopee.ph/L'Oreal-Professionnel-Serie-Expert-Absolut-Repair-Hair-Mask-Treatment-for-Dry-and-Damaged-Hair-250ml-i.181043577.4103999579?extraParams=%7B%22display_model_id%22%3A130814138797%2C%22model_selection_logic%22%3A3%7D&sp_atk=edf122b9-9e73-4bf7-a2d2-9983f81b54d3&xptdk=edf122b9-9e73-4bf7-a2d2-9983f81b54d3,https://down-bs-us.img.susercontent.com/ph-11134201-23020-uydfi0x5bznv53.jpg,,"₱1,670",2025-11-15 00:49:04
LOreal Professionnel Serie Expert Absolut Repair Gold Hair Mask (Dry and Damaged Hair) 250ml,straight,"Thank you so much! I will definitely order again. 

I have finally found my go to shop for hair masks and treatments. 

I did not expect to receive some freebies they gave me some. They are very generous! 

I am so excited for my next purchase.

Yehey! Kudos to your team! 💕",0.981357991695404,i*****0,2024-10-15T09:44:54.000Z,https://shopee.ph/L'Oreal-Professionnel-Serie-Expert-Absolut-Repair-Hair-Mask-Treatment-for-Dry-and-Damaged-Hair-250ml-i.181043577.4103999579?extraParams=%7B%22display_model_id%22%3A130814138797%2C%22model_selection_logic%22%3A3%7D&sp_atk=edf122b9-9e73-4bf7-a2d2-9983f81b54d3&xptdk=edf122b9-9e73-4bf7-a2d2-9983f81b54d3,https://down-bs-us.img.susercontent.com/ph-11134201-23020-uydfi0x5bznv53.jpg,,"₱1,670",2025-11-15 00:49:04
LOreal Professionnel Serie Expert Absolut Repair Gold Hair Mask (Dry and Damaged Hair) 250ml,straight,"I’ve been looking for a good hair mask for my hair since it’s dry and frizzy caused by frequent hair coloring. I saw this product in shoppee and decided to give it a try. 

This product leaves my hair soft and silky. It also brings shine and helps a lot with frizz. This product is super effective and I love it!",0.9620463252067566,karla_ladd,2023-05-30T00:00:40.000Z,https://shopee.ph/L'Oreal-Professionnel-Serie-Expert-Absolut-Repair-Hair-Mask-Treatment-for-Dry-and-Damaged-Hair-250ml-i.181043577.4103999579?extraParams=%7B%22display_model_id%22%3A130814138797%2C%22model_selection_logic%22%3A3%7D&sp_atk=edf122b9-9e73-4bf7-a2d2-9983f81b54d3&xptdk=edf122b9-9e73-4bf7-a2d2-9983f81b54d3,https://down-bs-us.img.susercontent.com/ph-11134201-23020-uydfi0x5bznv53.jpg,,"₱1,670",2025-11-15 00:49:05
LOreal Professionnel Serie Expert Absolut Repair Gold Hair Mask (Dry and Damaged Hair) 250ml,straight,"Texture:smooth.
Effectiveness:super effective
Fragrance:smell like an expensive perfume. I really love it.

At first i was hesitant to buy coz quite expensive given it is just 250ml. But i never regret buying this product. From then Loreal exceeds my expectations. Form lippies to my hair treatment. Worth every penny. Thanks seller. 100% sure Im gonna buy Loreal product.",0.7995812892913818,hellosheng15,2024-01-31T14:04:15.000Z,https://shopee.ph/L'Oreal-Professionnel-Serie-Expert-Absolut-Repair-Hair-Mask-Treatment-for-Dry-and-Damaged-Hair-250ml-i.181043577.4103999579,https://down-bs-us.img.susercontent.com/ph-11134201-23020-uydfi0x5bznv53.jpg,,,2025-11-15 00:57:54
LOreal Professionnel Serie Expert Absolut Repair Gold Hair Mask (Dry and Damaged Hair) 250ml,straight,"Effectiveness:Very effective, it really smoothens hair",0.974215030670166,gailrimpola,2023-11-14T14:26:06.000Z,https://shopee.ph/L'Oreal-Professionnel-Serie-Expert-Absolut-Repair-Hair-Mask-Treatment-for-Dry-and-Damaged-Hair-250ml-i.181043577.4103999579,https://down-bs-us.img.susercontent.com/ph-11134201-23020-uydfi0x5bznv53.jpg,,,2025-11-15 00:57:54
LOreal Professionnel Serie Expert Absolut Repair Gold Hair Mask (Dry and Damaged Hair) 250ml,straight,"Fragrance:Light and elegant smell
Effectiveness:Very effective
Texture:Cream

This is my nth time buying this product. Very effective and no need for keratin treatment sa salon. I’m using this once a week and you can see the result right away (smooth, shiny, and smells good) Recommended for dry and coarse hair. 👍🏻",0.9649564623832704,c*****i,2024-05-10T00:05:05.000Z,https://shopee.ph/L'Oreal-Professionnel-Serie-Expert-Absolut-Repair-Hair-Mask-Treatment-for-Dry-and-Damaged-Hair-250ml-i.181043577.4103999579,https://down-bs-us.img.susercontent.com/ph-11134201-23020-uydfi0x5bznv53.jpg,,,2025-11-15 00:57:54
LOreal Professionnel Serie Expert Absolut Repair Gold Hair Mask (Dry and Damaged Hair) 250ml,straight,"Fragrance:mabango xa
Effectiveness:lumambot ang hair ko and fizz free xa after one wash

Hindi nakakasisi magorder dito grabe ang mga freebies..🫣😍😍😍❤️❤️",0.923521101474762,e*****s,2023-06-19T13:22:45.000Z,https://shopee.ph/L'Oreal-Professionnel-Serie-Expert-Absolut-Repair-Hair-Mask-Treatment-for-Dry-and-Damaged-Hair-250ml-i.181043577.4103999579,https://down-bs-us.img.susercontent.com/ph-11134201-23020-uydfi0x5bznv53.jpg,,,2025-11-15 00:57:54
LOreal Professionnel Serie Expert Absolut Repair Gold Hair Mask (Dry and Damaged Hair) 250ml,straight,"order time: 07-18-2022
completed time: 07-22-2022

✅item was packed well
✅item was in good condition
✅shipped on time 
✅received the correct item",0.6506609916687012,l*****e,2022-07-22T22:57:35.000Z,https://shopee.ph/L'Oreal-Professionnel-Serie-Expert-Absolut-Repair-Hair-Mask-Treatment-for-Dry-and-Damaged-Hair-250ml-i.181043577.4103999579,https://down-bs-us.img.susercontent.com/ph-11134201-23020-uydfi0x5bznv53.jpg,,,2025-11-15 00:57:55
LOreal Professionnel Serie Expert Absolut Repair Gold Hair Mask (Dry and Damaged Hair) 250ml,straight,"Effectiveness:revives my dry bleached hair
Fragrance:smells refreshing and lasts long
Texture:smooth

Would totally recommend the product especially if your hair bleached",0.97704815864563,b*****i,2022-09-15T13:32:08.000Z,https://shopee.ph/L'Oreal-Professionnel-Serie-Expert-Absolut-Repair-Hair-Mask-Treatment-for-Dry-and-Damaged-Hair-250ml-i.181043577.4103999579,https://down-bs-us.img.susercontent.com/ph-11134201-23020-uydfi0x5bznv53.jpg,,,2025-11-15 00:57:55
LOreal Professionnel Serie Expert Absolut Repair Gold Hair Mask (Dry and Damaged Hair) 250ml,straight,"Fragrance:nice
Effectiveness:10/10
Texture:10/10

kompleto walang damage + gift",0.8324562907218933,bebe1973,2024-08-14T08:12:49.000Z,https://shopee.ph/L'Oreal-Professionnel-Serie-Expert-Absolut-Repair-Hair-Mask-Treatment-for-Dry-and-Damaged-Hair-250ml-i.181043577.4103999579,https://down-bs-us.img.susercontent.com/ph-11134201-23020-uydfi0x5bznv53.jpg,,,2025-11-15 00:57:55
LOreal Professionnel Serie Expert Absolut Repair Gold Hair Mask (Dry and Damaged Hair) 250ml,straight,"Texture:Soft
Effectiveness:Super effective
Fragrance:Mild scent

This was recommended sakin by the person who did my hair and super ganda niya talaga sa buhok. Makes ng hair soft and manageable. Dahil natuwa ako, will also buy the shampoo and condi version nito.",0.9699479937553406,ericadsj,2024-09-26T04:55:17.000Z,https://shopee.ph/L'Oreal-Professionnel-Serie-Expert-Absolut-Repair-Hair-Mask-Treatment-for-Dry-and-Damaged-Hair-250ml-i.181043577.4103999579,https://down-bs-us.img.susercontent.com/ph-11134201-23020-uydfi0x5bznv53.jpg,,,2025-11-15 00:57:55
LOreal Professionnel Serie Expert Absolut Repair Gold Hair Mask (Dry and Damaged Hair) 250ml,straight,"Received without any issues, love the eco-friendly packaging! I have tried once and my hair definitely became softer and more manageable. Highly recommended product!",0.9825133085250854,p*****a,2023-10-18T02:09:49.000Z,https://shopee.ph/L'Oreal-Professionnel-Serie-Expert-Absolut-Repair-Hair-Mask-Treatment-for-Dry-and-Damaged-Hair-250ml-i.181043577.4103999579,https://down-bs-us.img.susercontent.com/ph-11134201-23020-uydfi0x5bznv53.jpg,,,2025-11-15 00:57:55
LOreal Professionnel Serie Expert Absolut Repair Gold Hair Mask (Dry and Damaged Hair) 250ml,straight,"Effectiveness:Havent tried it yet
Fragrance:smells good and not irritating

It was packed securely and the box was labeled fragile. Thank you",0.9620436429977416,ela.era,2022-05-29T08:41:45.000Z,https://shopee.ph/L'Oreal-Professionnel-Serie-Expert-Absolut-Repair-Hair-Mask-Treatment-for-Dry-and-Damaged-Hair-250ml-i.181043577.4103999579,https://down-bs-us.img.susercontent.com/ph-11134201-23020-uydfi0x5bznv53.jpg,,,2025-11-15 00:57:55
LOreal Professionnel Serie Expert Absolut Repair Gold Hair Mask (Dry and Damaged Hair) 250ml,straight,"Texture:soft para sa hair
Effectiveness:very effective
Fragrance:mild

Been using it once a week. My hair stylist was even amazed to its result to my hair. Naka less sa hair treatment. Maganda sa buhok. No need for monthly salon treatment",0.8457575440406799,t*****n,2024-06-07T03:18:23.000Z,https://shopee.ph/L'Oreal-Professionnel-Serie-Expert-Absolut-Repair-Hair-Mask-Treatment-for-Dry-and-Damaged-Hair-250ml-i.181043577.4103999579,https://down-bs-us.img.susercontent.com/ph-11134201-23020-uydfi0x5bznv53.jpg,,,2025-11-15 00:57:55
LOreal Professionnel Serie Expert Absolut Repair Gold Hair Mask (Dry and Damaged Hair) 250ml,straight,"Received this item in good condition
Fast shipping and well packaged
Price is expensive in my opinion
Will reorder if effective",0.4290561974048614,a*****b,2023-07-28T07:51:02.000Z,https://shopee.ph/L'Oreal-Professionnel-Serie-Expert-Absolut-Repair-Hair-Mask-Treatment-for-Dry-and-Damaged-Hair-250ml-i.181043577.4103999579,https://down-bs-us.img.susercontent.com/ph-11134201-23020-uydfi0x5bznv53.jpg,,,2025-11-15 00:57:55
LOreal Professionnel Serie Expert Absolut Repair Gold Hair Mask (Dry and Damaged Hair) 250ml,straight,Liget sana na sellee kaya lg so sad hindi ako naka avail sa prumo na my free hot brush😞😞😞😞😞,0.9361559748649596,oclerimgeofloda,2023-05-09T08:26:05.000Z,https://shopee.ph/L'Oreal-Professionnel-Serie-Expert-Absolut-Repair-Hair-Mask-Treatment-for-Dry-and-Damaged-Hair-250ml-i.181043577.4103999579,https://down-bs-us.img.susercontent.com/ph-11134201-23020-uydfi0x5bznv53.jpg,,,2025-11-15 00:57:55
LOreal Professionnel Serie Expert Absolut Repair Gold Hair Mask (Dry and Damaged Hair) 250ml,straight,"Thank you for fast delivery. Sulit buy here in shopee. 

Thanks for the freebies as well.",0.8973448276519775,chutikels,2023-10-14T08:50:43.000Z,https://shopee.ph/L'Oreal-Professionnel-Serie-Expert-Absolut-Repair-Hair-Mask-Treatment-for-Dry-and-Damaged-Hair-250ml-i.181043577.4103999579,https://down-bs-us.img.susercontent.com/ph-11134201-23020-uydfi0x5bznv53.jpg,,,2025-11-15 00:57:55
LOreal Professionnel Serie Expert Absolut Repair Gold Hair Mask (Dry and Damaged Hair) 250ml,straight,"gnamit ko na agad agad kaya d ko na na-picturan ng nka box pa sya.. mabilis ko lng sya na received and may bubblewrap kaya zero-damage order ko. 1st tym ko p lng gmitin to, nkaka amaze tlga sya, kakalambot ng hair, must-have item ito.. will order again. thank you seller and thank you shopee.",0.7079755663871765,ja.nis,2021-06-08T08:57:54.000Z,https://shopee.ph/L'Oreal-Professionnel-Serie-Expert-Absolut-Repair-Hair-Mask-Treatment-for-Dry-and-Damaged-Hair-250ml-i.181043577.4103999579,https://down-bs-us.img.susercontent.com/ph-11134201-23020-uydfi0x5bznv53.jpg,,,2025-11-15 00:57:55
LOreal Professionnel Serie Expert Absolut Repair Gold Hair Mask (Dry and Damaged Hair) 250ml,straight,Well-packed. Received item w/o any damage or problem. Sana maganda talaga effect nya. Sobrang pangit talaga ng buhok q.,0.8724818825721741,g*****0,2021-05-26T01:02:06.000Z,https://shopee.ph/L'Oreal-Professionnel-Serie-Expert-Absolut-Repair-Hair-Mask-Treatment-for-Dry-and-Damaged-Hair-250ml-i.181043577.4103999579,https://down-bs-us.img.susercontent.com/ph-11134201-23020-uydfi0x5bznv53.jpg,,,2025-11-15 00:57:55
LOreal Professionnel Serie Expert Absolut Repair Gold Hair Mask (Dry and Damaged Hair) 250ml,straight,Thank you Loreal for the free turban and shampoo! Thanks Shopee for the fast delivery. Item was securely packed. This hair treatment really made my hair softer. Have been using this for more than 6 months already and I can say and my hair stylist attest that my hair has really improved.,0.968936026096344,ramh0110,2022-03-07T09:04:20.000Z,https://shopee.ph/L'Oreal-Professionnel-Serie-Expert-Absolut-Repair-Hair-Mask-Treatment-for-Dry-and-Damaged-Hair-250ml-i.181043577.4103999579,https://down-bs-us.img.susercontent.com/ph-11134201-23020-uydfi0x5bznv53.jpg,,,2025-11-15 00:57:55
LOreal Professionnel Serie Expert Absolut Repair Gold Hair Mask (Dry and Damaged Hair) 250ml,straight,"Texture:creamy
Effectiveness:effective

In fairness, effective yung hair mask. Pagkatapos kong gamitin ang lambot talaga ng buhok ko, especially sa ends. Chemically treated ang buhok ko, rebonded, so expected na medyo dry ang ends pero nung tinry ko to lumambot talaga buhok ko. Hehe

Worth it!",0.8948280811309814,crucfix,2024-05-09T06:13:36.000Z,https://shopee.ph/L'Oreal-Professionnel-Serie-Expert-Absolut-Repair-Hair-Mask-Treatment-for-Dry-and-Damaged-Hair-250ml-i.181043577.4103999579,https://down-bs-us.img.susercontent.com/ph-11134201-23020-uydfi0x5bznv53.jpg,,,2025-11-15 00:57:55
LOreal Professionnel Serie Expert Absolut Repair Gold Hair Mask (Dry and Damaged Hair) 250ml,straight,"Fragrance:good
Texture:good
Effectiveness:yes

Used to buy in this seller i hve not encounteres any problem thats is why if there is a sale used to buy & its properly packed like it.. the freebies amazing.. thanks.. 😘",0.7265071868896484,h*****l,2023-12-16T02:34:46.000Z,https://shopee.ph/L'Oreal-Professionnel-Serie-Expert-Absolut-Repair-Hair-Mask-Treatment-for-Dry-and-Damaged-Hair-250ml-i.181043577.4103999579,https://down-bs-us.img.susercontent.com/ph-11134201-23020-uydfi0x5bznv53.jpg,,,2025-11-15 00:57:56
LOreal Professionnel Serie Expert Absolut Repair Gold Hair Mask (Dry and Damaged Hair) 250ml,straight,"Effectiveness:soft on the hair

An employee of Jing Monis salon introduced this product to me. She used it on my hair once and i liked it. So she said i can purchase it thru Shopee. True enough, found it and ordered right away! This is a very good treatment for those who color their hair regularly like me.",0.9152446389198304,a*****y,2022-01-31T04:05:35.000Z,https://shopee.ph/L'Oreal-Professionnel-Serie-Expert-Absolut-Repair-Hair-Mask-Treatment-for-Dry-and-Damaged-Hair-250ml-i.181043577.4103999579,https://down-bs-us.img.susercontent.com/ph-11134201-23020-uydfi0x5bznv53.jpg,,,2025-11-15 00:57:56
LOreal Professionnel Serie Expert Absolut Repair Gold Hair Mask (Dry and Damaged Hair) 250ml,straight,Arrived the other day complete and in good condition. Ordered during 11.11 and got it at a lower price. Thanks for the freebie.,0.9604076743125916,khaleesi81,2024-11-17T08:11:19.000Z,https://shopee.ph/L'Oreal-Professionnel-Serie-Expert-Absolut-Repair-Hair-Mask-Treatment-for-Dry-and-Damaged-Hair-250ml-i.181043577.4103999579,https://down-bs-us.img.susercontent.com/ph-11134201-23020-uydfi0x5bznv53.jpg,,,2025-11-15 00:58:02
LOreal Professionnel Serie Expert Absolut Repair Gold Hair Mask (Dry and Damaged Hair) 250ml,straight,"Effectiveness:ok
Texture:ok
Fragrance:haven’t tried it yet

Received it and was so happy with the package, it came with 3 freebies inside.😍 hopefully the product I purchased will be effective on my hair 🙏😊 thank you",0.9565426111221313,glarey,2023-09-14T06:17:25.000Z,https://shopee.ph/L'Oreal-Professionnel-Serie-Expert-Absolut-Repair-Hair-Mask-Treatment-for-Dry-and-Damaged-Hair-250ml-i.181043577.4103999579,https://down-bs-us.img.susercontent.com/ph-11134201-23020-uydfi0x5bznv53.jpg,,,2025-11-15 00:58:02
LOreal Professionnel Serie Expert Absolut Repair Gold Hair Mask (Dry and Damaged Hair) 250ml,straight,"Effectiveness:superb
Fragrance:smells good
Texture:smooth

Overall I am happy with Shopee purchases,This site is very helpful I think because of their products and as soon as I read those I see that they really enjoyed this shop or visiting this shop , that's why I think this shop is very helpful! Thanks Shopee and seller!",0.8842145800590515,arc1994,2022-07-12T15:55:12.000Z,https://shopee.ph/L'Oreal-Professionnel-Serie-Expert-Absolut-Repair-Hair-Mask-Treatment-for-Dry-and-Damaged-Hair-250ml-i.181043577.4103999579,https://down-bs-us.img.susercontent.com/ph-11134201-23020-uydfi0x5bznv53.jpg,,,2025-11-15 00:58:02
LOreal Professionnel Serie Expert Absolut Repair Gold Hair Mask (Dry and Damaged Hair) 250ml,straight,"Effectiveness:good
Texture:smooth
Fragrance:super bango

Cons- expensive 
But overall maganda sya sa hair and super bango 

Thanks for the freebies also",0.940289318561554,mhina007,2023-12-16T01:44:21.000Z,https://shopee.ph/L'Oreal-Professionnel-Serie-Expert-Absolut-Repair-Hair-Mask-Treatment-for-Dry-and-Damaged-Hair-250ml-i.181043577.4103999579,https://down-bs-us.img.susercontent.com/ph-11134201-23020-uydfi0x5bznv53.jpg,,,2025-11-15 00:58:02
LOreal Professionnel Serie Expert Absolut Repair Gold Hair Mask (Dry and Damaged Hair) 250ml,straight,"Receieved these items in good condition
Fast shipping and well packaged
Price is similar with other sellers
Might order again",0.9240410327911377,g*****d,2023-07-30T02:51:24.000Z,https://shopee.ph/L'Oreal-Professionnel-Serie-Expert-Absolut-Repair-Hair-Mask-Treatment-for-Dry-and-Damaged-Hair-250ml-i.181043577.4103999579,https://down-bs-us.img.susercontent.com/ph-11134201-23020-uydfi0x5bznv53.jpg,,,2025-11-15 00:58:02
LOreal Professionnel Serie Expert Absolut Repair Gold Hair Mask (Dry and Damaged Hair) 250ml,straight,"Texture:super soft and dulas ng hair..
Effectiveness:SUPER shiny and lambot ng hair ko...bouncy pa...after 30 mins kong binabad sa hair..
Fragrance:mild scent lang pero carry na...

MEjo ngdoubt ako ng very light lng since i noticed some typo sa label nya..expecting the branded products are very particular sa labeling...meaning they make sure na tama pgkakaimprenta...pero since ok namn un result  ill give it a double thumbs up!!",0.6111841201782227,stephiesaints,2022-11-25T07:06:05.000Z,https://shopee.ph/L'Oreal-Professionnel-Serie-Expert-Absolut-Repair-Hair-Mask-Treatment-for-Dry-and-Damaged-Hair-250ml-i.181043577.4103999579,https://down-bs-us.img.susercontent.com/ph-11134201-23020-uydfi0x5bznv53.jpg,,,2025-11-15 00:58:02
LOreal Professionnel Serie Expert Absolut Repair Gold Hair Mask (Dry and Damaged Hair) 250ml,straight,"Complete order. Items are shipped and delivered immediately. First time to order here, haven't tried the product yet. Hopefully ok ang result sa hair ko.",0.6452367305755615,nanie_perez,2021-12-14T08:29:42.000Z,https://shopee.ph/L'Oreal-Professionnel-Serie-Expert-Absolut-Repair-Hair-Mask-Treatment-for-Dry-and-Damaged-Hair-250ml-i.181043577.4103999579,https://down-bs-us.img.susercontent.com/ph-11134201-23020-uydfi0x5bznv53.jpg,,,2025-11-15 00:58:02
LOreal Professionnel Serie Expert Absolut Repair Gold Hair Mask (Dry and Damaged Hair) 250ml,straight,"Helps to soften my rebonded hair. 
I really like it when a seller is not using a single plastic on their packaging. Kudos! 
Thank you for the freebies.",0.9789477586746216,t*****s,2024-02-06T11:43:20.000Z,https://shopee.ph/L'Oreal-Professionnel-Serie-Expert-Absolut-Repair-Hair-Mask-Treatment-for-Dry-and-Damaged-Hair-250ml-i.181043577.4103999579,https://down-bs-us.img.susercontent.com/ph-11134201-23020-uydfi0x5bznv53.jpg,,,2025-11-15 00:58:02
LOreal Professionnel Serie Expert Absolut Repair Gold Hair Mask (Dry and Damaged Hair) 250ml,straight,"Effectiveness:This is my first time trying this product, so I can't provide a detailed comment at the moment
Texture:haven't tried it yet
Fragrance:haven't tried it yet

L'Oreal has been incredibly accommodating, addressing all of my inquiries and answering every question I had. Although they initially overlooked one of my orders, they promptly sent it later on. I am completely satisfied and happy with their service. 🙂

Regarding the item, this is my first time trying this product, so I can't provide a detailed comment at the moment. I will update this review in the future or share my thoughts again when I make another purchase.",0.6922147870063782,a*****h,2023-11-22T18:44:05.000Z,https://shopee.ph/L'Oreal-Professionnel-Serie-Expert-Absolut-Repair-Hair-Mask-Treatment-for-Dry-and-Damaged-Hair-250ml-i.181043577.4103999579,https://down-bs-us.img.susercontent.com/ph-11134201-23020-uydfi0x5bznv53.jpg,,,2025-11-15 00:58:03
LOreal Professionnel Serie Expert Absolut Repair Gold Hair Mask (Dry and Damaged Hair) 250ml,straight,"Did wonders for my  damaged hair 
Holy grail! ⭐️🤩⭐️
Got a freebie as well. 
Thank you!",0.9877508878707886,bgk_us_shop,2023-10-14T04:18:20.000Z,https://shopee.ph/L'Oreal-Professionnel-Serie-Expert-Absolut-Repair-Hair-Mask-Treatment-for-Dry-and-Damaged-Hair-250ml-i.181043577.4103999579,https://down-bs-us.img.susercontent.com/ph-11134201-23020-uydfi0x5bznv53.jpg,,,2025-11-15 00:58:03
LOreal Professionnel Serie Expert Absolut Repair Gold Hair Mask (Dry and Damaged Hair) 250ml,straight,"Fragrance:nice
Texture:nice
Effectiveness:to be determine

Great product. Great packaging. Good handling of package. Arrived in the few days. Will order again. Good product. THANK YOU. 

*",0.9270539283752441,m*****a,2022-01-07T03:34:49.000Z,https://shopee.ph/L'Oreal-Professionnel-Serie-Expert-Absolut-Repair-Hair-Mask-Treatment-for-Dry-and-Damaged-Hair-250ml-i.181043577.4103999579,https://down-bs-us.img.susercontent.com/ph-11134201-23020-uydfi0x5bznv53.jpg,,,2025-11-15 00:58:03
LOreal Professionnel Serie Expert Absolut Repair Gold Hair Mask (Dry and Damaged Hair) 250ml,straight,Legit product! It arrived early as expected! Thank you seller will definitely order again. Thank you shopee ☺️,0.9685397744178772,aileen81,2022-04-29T08:41:25.000Z,https://shopee.ph/L'Oreal-Professionnel-Serie-Expert-Absolut-Repair-Hair-Mask-Treatment-for-Dry-and-Damaged-Hair-250ml-i.181043577.4103999579,https://down-bs-us.img.susercontent.com/ph-11134201-23020-uydfi0x5bznv53.jpg,,,2025-11-15 00:58:03
LOreal Professionnel Serie Expert Absolut Repair Gold Hair Mask (Dry and Damaged Hair) 250ml,straight,"Effectiveness:yes
Fragrance:very mild lang Ng amoy di masakit sa ilong
Texture:maganda",0.917253315448761,m*****n,2023-12-11T07:10:14.000Z,https://shopee.ph/L'Oreal-Professionnel-Serie-Expert-Absolut-Repair-Hair-Mask-Treatment-for-Dry-and-Damaged-Hair-250ml-i.181043577.4103999579,https://down-bs-us.img.susercontent.com/ph-11134201-23020-uydfi0x5bznv53.jpg,,,2025-11-15 00:58:03
LOreal Professionnel Serie Expert Absolut Repair Gold Hair Mask (Dry and Damaged Hair) 250ml,straight,Nagamit ko na ito before kaya alam kong maganda talaga siya sa buhok lalo na lung damaged hair salamat sa discount malaki din natipid next time ulit samahan ko naman ng shampoo,0.9347765445709229,a*****s,2024-04-26T09:36:08.000Z,https://shopee.ph/L'Oreal-Professionnel-Serie-Expert-Absolut-Repair-Hair-Mask-Treatment-for-Dry-and-Damaged-Hair-250ml-i.181043577.4103999579,https://down-bs-us.img.susercontent.com/ph-11134201-23020-uydfi0x5bznv53.jpg,,,2025-11-15 00:58:03
LOreal Professionnel Serie Expert Absolut Repair Gold Hair Mask (Dry and Damaged Hair) 250ml,straight,"Fragrance:Nice fragrance.
Texture:Very soft and straight.
Effectiveness:L'Oreal ever since.

Highly recommend!!",0.9855268001556396,ednnnn,2022-02-10T13:39:58.000Z,https://shopee.ph/L'Oreal-Professionnel-Serie-Expert-Absolut-Repair-Hair-Mask-Treatment-for-Dry-and-Damaged-Hair-250ml-i.181043577.4103999579,https://down-bs-us.img.susercontent.com/ph-11134201-23020-uydfi0x5bznv53.jpg,,,2025-11-15 00:58:03
LOreal Professionnel Serie Expert Absolut Repair Gold Hair Mask (Dry and Damaged Hair) 250ml,straight,"Texture:not yet opened
Effectiveness:not yet tested
Fragrance:not yet opened

It was securely packed, thank you seller, will update my review if na try ko na po thank you",0.7065779566764832,xavierylle,2022-11-08T08:55:29.000Z,https://shopee.ph/L'Oreal-Professionnel-Serie-Expert-Absolut-Repair-Hair-Mask-Treatment-for-Dry-and-Damaged-Hair-250ml-i.181043577.4103999579,https://down-bs-us.img.susercontent.com/ph-11134201-23020-uydfi0x5bznv53.jpg,,,2025-11-15 00:58:03
LOreal Professionnel Serie Expert Absolut Repair Gold Hair Mask (Dry and Damaged Hair) 250ml,straight,"Effectiveness:Yet to try. It's my first time
Fragrance:Light and refreshing

It was packed really well, ver secured ang package. 
Thanks for the generous freebies. Got a Loreal tote bag and a hair dryer. Weeee!! Thanks Seller and 9.9 Shopee sale. 😍",0.9781524538993835,claireshaven,2022-09-18T02:11:22.000Z,https://shopee.ph/L'Oreal-Professionnel-Serie-Expert-Absolut-Repair-Hair-Mask-Treatment-for-Dry-and-Damaged-Hair-250ml-i.181043577.4103999579,https://down-bs-us.img.susercontent.com/ph-11134201-23020-uydfi0x5bznv53.jpg,,,2025-11-15 00:58:03
LOreal Professionnel Serie Expert Absolut Repair Gold Hair Mask (Dry and Damaged Hair) 250ml,straight,Ordered the products for 10.10. My purchase came with a hair iron. The order was shipped fast and arrived undamaged because of the protective packaging. Overall great experience.,0.964874267578125,m*****i,2021-10-13T14:36:22.000Z,https://shopee.ph/L'Oreal-Professionnel-Serie-Expert-Absolut-Repair-Hair-Mask-Treatment-for-Dry-and-Damaged-Hair-250ml-i.181043577.4103999579,https://down-bs-us.img.susercontent.com/ph-11134201-23020-uydfi0x5bznv53.jpg,,,2025-11-15 00:58:03
LOreal Professionnel Serie Expert Absolut Repair Gold Hair Mask (Dry and Damaged Hair) 250ml,straight,"User Tips:apply on towel dried hair, wait 3-5mins then rinse.
Beauty Profile:for dry and damaged hair
Packaging:250ml

This is a good home hair treatment. Been using this and still satisfied with the results.",0.8315542936325073,q*****i,2024-12-15T11:08:08.000Z,https://shopee.ph/L'Oreal-Professionnel-Serie-Expert-Absolut-Repair-Hair-Mask-Treatment-for-Dry-and-Damaged-Hair-250ml-i.181043577.4103999579,https://down-bs-us.img.susercontent.com/ph-11134201-23020-uydfi0x5bznv53.jpg,,,2025-11-15 00:58:03
LOreal Professionnel Serie Expert Absolut Repair Gold Hair Mask (Dry and Damaged Hair) 250ml,straight,Packed considerably well. No leaks. Shipped right away and delivered the next day after I placed the order. I am hoping this is really effective and worth the price. 🙏,0.9484076499938965,j*****e,2021-06-07T07:34:47.000Z,https://shopee.ph/L'Oreal-Professionnel-Serie-Expert-Absolut-Repair-Hair-Mask-Treatment-for-Dry-and-Damaged-Hair-250ml-i.181043577.4103999579,https://down-bs-us.img.susercontent.com/ph-11134201-23020-uydfi0x5bznv53.jpg,,,2025-11-15 00:58:03
