Product Name,Hair Type,Comment,Sentiment Score,Tags,Category,User Name,Comment Date,Product URL,Product Image,Description,Price,Analyzed Date
Tresemme Hair Styling Spray Protecting Heat 8oz,wavy,"Product is good but I received it drenched in its own fluid- maybe poor packing, maybe poor handling.",0.973990797996521,heat-protectant; anti-frizz; keratin,Styling Product,f*****n,2025-08-28T14:33:17.000Z,https://shopee.ph/Tresemme-Hair-Styling-Spray-Protecting-Heat-8oz-i.40867978.28424088628?extraParams=%7B%22display_model_id%22%3A195739340531%2C%22model_selection_logic%22%3A3%7D&sp_atk=44873774-2af8-4b67-a827-9ee0c8a2275c&xptdk=44873774-2af8-4b67-a827-9ee0c8a2275c,https://down-bs-us.img.susercontent.com/ph-11134207-81ztk-mf96s0rl94i6c0.jpg,"For 70 years, TRESemmé has helped women express themselves confidently as they make their mark on the world. Driven by a simple truth: every woman deserves to look and feel fabulous, like they've just stepped out of the salon.",₱558,2025-11-22 17:40:56
Tresemme Hair Styling Spray Protecting Heat 8oz,wavy,Grabe nmn di nyo inayusan packaging nyo basang basa nung natanggap ko ayusan nyo packaging nyo sayang ang mahal mahal nagtapunan lang,0.9564977884292604,heat-protectant; anti-frizz; keratin,Styling Product,justminefulgencio,2025-07-12T04:50:26.000Z,https://shopee.ph/Tresemme-Hair-Styling-Spray-Protecting-Heat-8oz-i.40867978.28424088628?extraParams=%7B%22display_model_id%22%3A195739340531%2C%22model_selection_logic%22%3A3%7D&sp_atk=44873774-2af8-4b67-a827-9ee0c8a2275c&xptdk=44873774-2af8-4b67-a827-9ee0c8a2275c,https://down-bs-us.img.susercontent.com/ph-11134207-81ztk-mf96s0rl94i6c0.jpg,"For 70 years, TRESemmé has helped women express themselves confidently as they make their mark on the world. Driven by a simple truth: every woman deserves to look and feel fabulous, like they've just stepped out of the salon.",₱558,2025-11-22 17:40:56
Tresemme Hair Styling Spray Protecting Heat 8oz,wavy,"the item is leaking, i hope you will improve the packaging. thanks",0.6121662259101868,heat-protectant; anti-frizz; keratin,Styling Product,l*****t,2025-06-30T13:04:21.000Z,https://shopee.ph/Tresemme-Hair-Styling-Spray-Protecting-Heat-8oz-i.40867978.28424088628?extraParams=%7B%22display_model_id%22%3A195739340531%2C%22model_selection_logic%22%3A3%7D&sp_atk=44873774-2af8-4b67-a827-9ee0c8a2275c&xptdk=44873774-2af8-4b67-a827-9ee0c8a2275c,https://down-bs-us.img.susercontent.com/ph-11134207-81ztk-mf96s0rl94i6c0.jpg,"For 70 years, TRESemmé has helped women express themselves confidently as they make their mark on the world. Driven by a simple truth: every woman deserves to look and feel fabulous, like they've just stepped out of the salon.",₱558,2025-11-22 17:40:56
Tresemme Hair Styling Spray Protecting Heat 8oz,wavy,"Effectiveness:10 tried the receipt thing
Fragrance:meh
Texture:liquid

Nabubo yung products I would recommend na ayusin nila pakapack dami natapon",0.6642287969589233,heat-protectant; anti-frizz; keratin,Styling Product,m*****l,2025-06-12T02:57:46.000Z,https://shopee.ph/Tresemme-Hair-Styling-Spray-Protecting-Heat-8oz-i.40867978.28424088628?extraParams=%7B%22display_model_id%22%3A195739340531%2C%22model_selection_logic%22%3A3%7D&sp_atk=44873774-2af8-4b67-a827-9ee0c8a2275c&xptdk=44873774-2af8-4b67-a827-9ee0c8a2275c,https://down-bs-us.img.susercontent.com/ph-11134207-81ztk-mf96s0rl94i6c0.jpg,"For 70 years, TRESemmé has helped women express themselves confidently as they make their mark on the world. Driven by a simple truth: every woman deserves to look and feel fabulous, like they've just stepped out of the salon.",₱558,2025-11-22 17:40:56
Tresemme Hair Styling Spray Protecting Heat 8oz,wavy,The product leaked upon delivery!! This was just packed inside a cardboard box with a bubble wrap! They didn’t even tried to secure the nozzle of the product with a scotch tape or bubble wrap the product itself before putting inside the box! This is an expensive item and a lot leaked!!! So disappointing!!,0.9784053564071656,heat-protectant; anti-frizz; keratin,Styling Product,krisseb,2025-05-06T08:20:10.000Z,https://shopee.ph/Tresemme-Hair-Styling-Spray-Protecting-Heat-8oz-i.40867978.28424088628?extraParams=%7B%22display_model_id%22%3A195739340531%2C%22model_selection_logic%22%3A3%7D&sp_atk=44873774-2af8-4b67-a827-9ee0c8a2275c&xptdk=44873774-2af8-4b67-a827-9ee0c8a2275c,https://down-bs-us.img.susercontent.com/ph-11134207-81ztk-mf96s0rl94i6c0.jpg,"For 70 years, TRESemmé has helped women express themselves confidently as they make their mark on the world. Driven by a simple truth: every woman deserves to look and feel fabulous, like they've just stepped out of the salon.",₱558,2025-11-22 17:40:56
Tresemme Hair Styling Spray Protecting Heat 8oz,wavy,package was not tightly packed. some product spilled,0.4931567311286926,heat-protectant; anti-frizz; keratin,Styling Product,l*****e,2025-06-11T12:49:11.000Z,https://shopee.ph/Tresemme-Hair-Styling-Spray-Protecting-Heat-8oz-i.40867978.28424088628?extraParams=%7B%22display_model_id%22%3A195739340531%2C%22model_selection_logic%22%3A3%7D&sp_atk=44873774-2af8-4b67-a827-9ee0c8a2275c&xptdk=44873774-2af8-4b67-a827-9ee0c8a2275c,https://down-bs-us.img.susercontent.com/ph-11134207-81ztk-mf96s0rl94i6c0.jpg,"For 70 years, TRESemmé has helped women express themselves confidently as they make their mark on the world. Driven by a simple truth: every woman deserves to look and feel fabulous, like they've just stepped out of the salon.",₱558,2025-11-22 17:40:56
Tresemme Hair Styling Spray Protecting Heat 8oz,wavy,"WORST PACKAGING EVER. I was wondering why my package was wet. Di pala maayos pagkakapack nitong heat protectant. It spilled na sa bubble wrap, sa box, sa other products. Even the other items nakatanggal na yung caps, pano kung kumalat yung mousse edi mas lalo na. Overall AWFUL PACKAGING HALOS NAUBOS na yung product dahil sa spill. ☹️ Chineck ko ibang reviews for this item ganon din sa kanila natapon na. Di ko nakita before buying.",0.97067791223526,heat-protectant; anti-frizz; keratin,Styling Product,m*****n,2025-06-03T09:02:58.000Z,https://shopee.ph/Tresemme-Hair-Styling-Spray-Protecting-Heat-8oz-i.40867978.28424088628?extraParams=%7B%22display_model_id%22%3A195739340531%2C%22model_selection_logic%22%3A3%7D&sp_atk=44873774-2af8-4b67-a827-9ee0c8a2275c&xptdk=44873774-2af8-4b67-a827-9ee0c8a2275c,https://down-bs-us.img.susercontent.com/ph-11134207-81ztk-mf96s0rl94i6c0.jpg,"For 70 years, TRESemmé has helped women express themselves confidently as they make their mark on the world. Driven by a simple truth: every woman deserves to look and feel fabulous, like they've just stepped out of the salon.",₱558,2025-11-22 17:40:56
Tresemme Hair Styling Spray Protecting Heat 8oz,wavy,Got it on sale. Pero nagleak yung item. Sayang :( halos kalahati rin. Dapat nilagayan ng tape yung sa may nozzle para di nagleak.,0.942031741142273,heat-protectant; anti-frizz; keratin,Styling Product,a*****e,2025-07-08T06:47:33.000Z,https://shopee.ph/Tresemme-Hair-Styling-Spray-Protecting-Heat-8oz-i.40867978.28424088628?extraParams=%7B%22display_model_id%22%3A195739340531%2C%22model_selection_logic%22%3A3%7D&sp_atk=44873774-2af8-4b67-a827-9ee0c8a2275c&xptdk=44873774-2af8-4b67-a827-9ee0c8a2275c,https://down-bs-us.img.susercontent.com/ph-11134207-81ztk-mf96s0rl94i6c0.jpg,"For 70 years, TRESemmé has helped women express themselves confidently as they make their mark on the world. Driven by a simple truth: every woman deserves to look and feel fabulous, like they've just stepped out of the salon.",₱558,2025-11-22 17:40:56
Tresemme Hair Styling Spray Protecting Heat 8oz,wavy,Natapon yung product. Sobrang soaked nung carton na nkabalot sa kanyan sayang,0.9467323422431946,heat-protectant; anti-frizz; keratin,Styling Product,l*****4,2025-06-10T18:35:47.000Z,https://shopee.ph/Tresemme-Hair-Styling-Spray-Protecting-Heat-8oz-i.40867978.28424088628?extraParams=%7B%22display_model_id%22%3A195739340531%2C%22model_selection_logic%22%3A3%7D&sp_atk=44873774-2af8-4b67-a827-9ee0c8a2275c&xptdk=44873774-2af8-4b67-a827-9ee0c8a2275c,https://down-bs-us.img.susercontent.com/ph-11134207-81ztk-mf96s0rl94i6c0.jpg,"For 70 years, TRESemmé has helped women express themselves confidently as they make their mark on the world. Driven by a simple truth: every woman deserves to look and feel fabulous, like they've just stepped out of the salon.",₱558,2025-11-22 17:40:56
Tresemme Hair Styling Spray Protecting Heat 8oz,wavy,"Texture:ok
Effectiveness:ok
Fragrance:ok

poor packaging",0.9388601183891296,heat-protectant; anti-frizz; keratin,Styling Product,m*****t,2025-03-03T23:11:57.000Z,https://shopee.ph/Tresemme-Hair-Styling-Spray-Protecting-Heat-8oz-i.40867978.28424088628?extraParams=%7B%22display_model_id%22%3A195739340531%2C%22model_selection_logic%22%3A3%7D&sp_atk=44873774-2af8-4b67-a827-9ee0c8a2275c&xptdk=44873774-2af8-4b67-a827-9ee0c8a2275c,https://down-bs-us.img.susercontent.com/ph-11134207-81ztk-mf96s0rl94i6c0.jpg,"For 70 years, TRESemmé has helped women express themselves confidently as they make their mark on the world. Driven by a simple truth: every woman deserves to look and feel fabulous, like they've just stepped out of the salon.",₱558,2025-11-22 17:40:56
Tresemme Hair Styling Spray Protecting Heat 8oz,wavy,pls secure the bottle next time because it leaked!,0.5098142623901367,heat-protectant; anti-frizz; keratin,Styling Product,r*****c,2025-10-24T18:49:46.000Z,https://shopee.ph/Tresemme-Hair-Styling-Spray-Protecting-Heat-8oz-i.40867978.28424088628?extraParams=%7B%22display_model_id%22%3A195739340531%2C%22model_selection_logic%22%3A3%7D&sp_atk=44873774-2af8-4b67-a827-9ee0c8a2275c&xptdk=44873774-2af8-4b67-a827-9ee0c8a2275c,https://down-bs-us.img.susercontent.com/ph-11134207-81ztk-mf96s0rl94i6c0.jpg,"For 70 years, TRESemmé has helped women express themselves confidently as they make their mark on the world. Driven by a simple truth: every woman deserves to look and feel fabulous, like they've just stepped out of the salon.",₱558,2025-11-22 17:40:56
Tresemme Hair Styling Spray Protecting Heat 8oz,wavy,"Why is the packaging like this? Tumapon tuloy, parang di pinag isipan naman",0.9586076736450196,heat-protectant; anti-frizz; keratin,Styling Product,kimvillano018,2025-08-26T05:29:52.000Z,https://shopee.ph/Tresemme-Hair-Styling-Spray-Protecting-Heat-8oz-i.40867978.28424088628?extraParams=%7B%22display_model_id%22%3A195739340531%2C%22model_selection_logic%22%3A3%7D&sp_atk=44873774-2af8-4b67-a827-9ee0c8a2275c&xptdk=44873774-2af8-4b67-a827-9ee0c8a2275c,https://down-bs-us.img.susercontent.com/ph-11134207-81ztk-mf96s0rl94i6c0.jpg,"For 70 years, TRESemmé has helped women express themselves confidently as they make their mark on the world. Driven by a simple truth: every woman deserves to look and feel fabulous, like they've just stepped out of the salon.",₱558,2025-11-22 17:40:57
Tresemme Hair Styling Spray Protecting Heat 8oz,wavy,"Packaging was not good at all. Smelled the product as soon as I opened the parcel since it was leaking. The nozzle was broken, probably due to poor packaging upon shipment, so I had to transfer the product into another spray bottle.",0.96849524974823,heat-protectant; anti-frizz; keratin,Styling Product,c*****a,2025-07-23T16:47:48.000Z,https://shopee.ph/Tresemme-Hair-Styling-Spray-Protecting-Heat-8oz-i.40867978.28424088628?extraParams=%7B%22display_model_id%22%3A195739340531%2C%22model_selection_logic%22%3A3%7D&sp_atk=44873774-2af8-4b67-a827-9ee0c8a2275c&xptdk=44873774-2af8-4b67-a827-9ee0c8a2275c,https://down-bs-us.img.susercontent.com/ph-11134207-81ztk-mf96s0rl94i6c0.jpg,"For 70 years, TRESemmé has helped women express themselves confidently as they make their mark on the world. Driven by a simple truth: every woman deserves to look and feel fabulous, like they've just stepped out of the salon.",₱558,2025-11-22 17:40:57
Tresemme Hair Styling Spray Protecting Heat 8oz,wavy,"Considering na hindi naman basta-bastang brand 'to and 'yong seller, disappointing na ganito lang ang packaging. Nag-leak. Sobrang messy at sayang ang natapon e mahal pa naman.",0.9646507501602172,heat-protectant; anti-frizz; keratin,Styling Product,a*****7,2025-08-04T01:46:41.000Z,https://shopee.ph/Tresemme-Hair-Styling-Spray-Protecting-Heat-8oz-i.40867978.28424088628?extraParams=%7B%22display_model_id%22%3A195739340531%2C%22model_selection_logic%22%3A3%7D&sp_atk=44873774-2af8-4b67-a827-9ee0c8a2275c&xptdk=44873774-2af8-4b67-a827-9ee0c8a2275c,https://down-bs-us.img.susercontent.com/ph-11134207-81ztk-mf96s0rl94i6c0.jpg,"For 70 years, TRESemmé has helped women express themselves confidently as they make their mark on the world. Driven by a simple truth: every woman deserves to look and feel fabulous, like they've just stepped out of the salon.",₱558,2025-11-22 17:40:57
Tresemme Hair Styling Spray Protecting Heat 8oz,wavy,"Nagleak yung bottle. When I opened the package, basang basa yung cover. The item was not packed well. Sana nilagay sa small box to avoid leaking.",0.8685439825057983,heat-protectant; anti-frizz; keratin,Styling Product,cjfortaleza_14,2025-06-25T10:13:39.000Z,https://shopee.ph/Tresemme-Hair-Styling-Spray-Protecting-Heat-8oz-i.40867978.28424088628?extraParams=%7B%22display_model_id%22%3A195739340531%2C%22model_selection_logic%22%3A3%7D&sp_atk=44873774-2af8-4b67-a827-9ee0c8a2275c&xptdk=44873774-2af8-4b67-a827-9ee0c8a2275c,https://down-bs-us.img.susercontent.com/ph-11134207-81ztk-mf96s0rl94i6c0.jpg,"For 70 years, TRESemmé has helped women express themselves confidently as they make their mark on the world. Driven by a simple truth: every woman deserves to look and feel fabulous, like they've just stepped out of the salon.",₱558,2025-11-22 17:40:57
Tresemme Hair Styling Spray Protecting Heat 8oz,wavy,"Item is not sealed and looks fake. Seller took soooo long to ship out coz out of stock DAW. Mukhang kinalkal pa sa ilalim ng bodega ng reject products. Very bad

Shopee should block this kind of seller",0.9524102807044984,heat-protectant; anti-frizz; keratin,Styling Product,ayecontessaguillen,2025-08-22T07:46:56.000Z,https://shopee.ph/Tresemme-Hair-Styling-Spray-Protecting-Heat-8oz-i.40867978.28424088628?extraParams=%7B%22display_model_id%22%3A195739340531%2C%22model_selection_logic%22%3A3%7D&sp_atk=44873774-2af8-4b67-a827-9ee0c8a2275c&xptdk=44873774-2af8-4b67-a827-9ee0c8a2275c,https://down-bs-us.img.susercontent.com/ph-11134207-81ztk-mf96s0rl94i6c0.jpg,"For 70 years, TRESemmé has helped women express themselves confidently as they make their mark on the world. Driven by a simple truth: every woman deserves to look and feel fabulous, like they've just stepped out of the salon.",₱558,2025-11-22 17:40:57
Tresemme Hair Styling Spray Protecting Heat 8oz,wavy,The product was leaking when I received it because the bottle was open! This is not a cheap buy so I’m disappointed.,0.9784168004989624,heat-protectant; anti-frizz; keratin,Styling Product,x*****a,2025-05-29T11:29:09.000Z,https://shopee.ph/Tresemme-Hair-Styling-Spray-Protecting-Heat-8oz-i.40867978.28424088628?extraParams=%7B%22display_model_id%22%3A195739340531%2C%22model_selection_logic%22%3A3%7D&sp_atk=44873774-2af8-4b67-a827-9ee0c8a2275c&xptdk=44873774-2af8-4b67-a827-9ee0c8a2275c,https://down-bs-us.img.susercontent.com/ph-11134207-81ztk-mf96s0rl94i6c0.jpg,"For 70 years, TRESemmé has helped women express themselves confidently as they make their mark on the world. Driven by a simple truth: every woman deserves to look and feel fabulous, like they've just stepped out of the salon.",₱558,2025-11-22 17:40:57
Tresemme Hair Styling Spray Protecting Heat 8oz,wavy,Packaging is bad. Spilled nearly half of the bottle.,0.9760949611663818,heat-protectant; anti-frizz; keratin,Styling Product,btrcrdr,2025-08-03T12:31:08.000Z,https://shopee.ph/Tresemme-Hair-Styling-Spray-Protecting-Heat-8oz-i.40867978.28424088628?extraParams=%7B%22display_model_id%22%3A195739340531%2C%22model_selection_logic%22%3A3%7D&sp_atk=44873774-2af8-4b67-a827-9ee0c8a2275c&xptdk=44873774-2af8-4b67-a827-9ee0c8a2275c,https://down-bs-us.img.susercontent.com/ph-11134207-81ztk-mf96s0rl94i6c0.jpg,"For 70 years, TRESemmé has helped women express themselves confidently as they make their mark on the world. Driven by a simple truth: every woman deserves to look and feel fabulous, like they've just stepped out of the salon.",₱558,2025-11-22 17:40:57
Tresemme Hair Styling Spray Protecting Heat 8oz,wavy,The product leaked. Ang daming nabawas sa product. Very poor packaging.,0.9708123803138732,heat-protectant; anti-frizz; keratin,Styling Product,k*****z,2025-06-18T14:05:40.000Z,https://shopee.ph/Tresemme-Hair-Styling-Spray-Protecting-Heat-8oz-i.40867978.28424088628?extraParams=%7B%22display_model_id%22%3A195739340531%2C%22model_selection_logic%22%3A3%7D&sp_atk=44873774-2af8-4b67-a827-9ee0c8a2275c&xptdk=44873774-2af8-4b67-a827-9ee0c8a2275c,https://down-bs-us.img.susercontent.com/ph-11134207-81ztk-mf96s0rl94i6c0.jpg,"For 70 years, TRESemmé has helped women express themselves confidently as they make their mark on the world. Driven by a simple truth: every woman deserves to look and feel fabulous, like they've just stepped out of the salon.",₱558,2025-11-22 17:40:57
Tresemme Hair Styling Spray Protecting Heat 8oz,wavy,PRODUCT LEAKED / SPILLED. SO DISAPPOINTED. MONEY WASTED.,0.9754661321640016,heat-protectant; anti-frizz; keratin,Styling Product,v*****o,2025-07-30T23:59:48.000Z,https://shopee.ph/Tresemme-Hair-Styling-Spray-Protecting-Heat-8oz-i.40867978.28424088628?extraParams=%7B%22display_model_id%22%3A195739340531%2C%22model_selection_logic%22%3A3%7D&sp_atk=44873774-2af8-4b67-a827-9ee0c8a2275c&xptdk=44873774-2af8-4b67-a827-9ee0c8a2275c,https://down-bs-us.img.susercontent.com/ph-11134207-81ztk-mf96s0rl94i6c0.jpg,"For 70 years, TRESemmé has helped women express themselves confidently as they make their mark on the world. Driven by a simple truth: every woman deserves to look and feel fabulous, like they've just stepped out of the salon.",₱558,2025-11-22 17:40:57
Tresemme Hair Styling Spray Protecting Heat 8oz,wavy,the product had a dent and a slight leakage,0.7649956941604614,heat-protectant; anti-frizz; keratin,Styling Product,jobelleah,2025-06-18T09:46:48.000Z,https://shopee.ph/Tresemme-Hair-Styling-Spray-Protecting-Heat-8oz-i.40867978.28424088628?extraParams=%7B%22display_model_id%22%3A195739340531%2C%22model_selection_logic%22%3A3%7D&sp_atk=44873774-2af8-4b67-a827-9ee0c8a2275c&xptdk=44873774-2af8-4b67-a827-9ee0c8a2275c,https://down-bs-us.img.susercontent.com/ph-11134207-81ztk-mf96s0rl94i6c0.jpg,,,2025-11-22 17:41:06
Tresemme Hair Styling Spray Protecting Heat 8oz,wavy,It leaked,0.6533324718475342,heat-protectant; anti-frizz; keratin,Styling Product,a*****n,2025-03-19T09:52:29.000Z,https://shopee.ph/Tresemme-Hair-Styling-Spray-Protecting-Heat-8oz-i.40867978.28424088628?extraParams=%7B%22display_model_id%22%3A195739340531%2C%22model_selection_logic%22%3A3%7D&sp_atk=44873774-2af8-4b67-a827-9ee0c8a2275c&xptdk=44873774-2af8-4b67-a827-9ee0c8a2275c,https://down-bs-us.img.susercontent.com/ph-11134207-81ztk-mf96s0rl94i6c0.jpg,,,2025-11-22 17:41:06
Tresemme Hair Styling Spray Protecting Heat 8oz,wavy,Delivered after 1 or 2 days (Metro Manila),0.9783278703689575,heat-protectant; anti-frizz; keratin,Styling Product,f*****n,2025-11-21T03:53:50.000Z,https://shopee.ph/Tresemme-Hair-Styling-Spray-Protecting-Heat-8oz-i.40867978.28424088628?extraParams=%7B%22display_model_id%22%3A195739340531%2C%22model_selection_logic%22%3A3%7D&sp_atk=44873774-2af8-4b67-a827-9ee0c8a2275c&xptdk=44873774-2af8-4b67-a827-9ee0c8a2275c,https://down-bs-us.img.susercontent.com/ph-11134207-81ztk-mf96s0rl94i6c0.jpg,,,2025-11-22 17:41:06
Tresemme Hair Styling Spray Protecting Heat 8oz,wavy,Arrived broken,0.5251819491386414,heat-protectant; anti-frizz; keratin,Styling Product,p*****.,2025-06-02T10:58:05.000Z,https://shopee.ph/Tresemme-Hair-Styling-Spray-Protecting-Heat-8oz-i.40867978.28424088628?extraParams=%7B%22display_model_id%22%3A195739340531%2C%22model_selection_logic%22%3A3%7D&sp_atk=44873774-2af8-4b67-a827-9ee0c8a2275c&xptdk=44873774-2af8-4b67-a827-9ee0c8a2275c,https://down-bs-us.img.susercontent.com/ph-11134207-81ztk-mf96s0rl94i6c0.jpg,,,2025-11-22 17:41:06
Tresemme Hair Styling Spray Protecting Heat 8oz,wavy,The packaging is not secure. There's leakage.,0.7933810353279114,heat-protectant; anti-frizz; keratin,Styling Product,e*****6,2025-08-23T07:49:07.000Z,https://shopee.ph/Tresemme-Hair-Styling-Spray-Protecting-Heat-8oz-i.40867978.28424088628?extraParams=%7B%22display_model_id%22%3A195739340531%2C%22model_selection_logic%22%3A3%7D&sp_atk=44873774-2af8-4b67-a827-9ee0c8a2275c&xptdk=44873774-2af8-4b67-a827-9ee0c8a2275c,https://down-bs-us.img.susercontent.com/ph-11134207-81ztk-mf96s0rl94i6c0.jpg,,,2025-11-22 17:41:06
Tresemme Hair Styling Spray Protecting Heat 8oz,wavy,Maganda ang pang spray heat protector malambot sa buhok hindi nakakadamage at mabango din best shop din pala ito kaya always order,0.8730045557022095,heat-protectant; anti-frizz; keratin,Styling Product,janecolicobascon,2025-04-04T15:00:25.000Z,https://shopee.ph/Tresemme-Hair-Styling-Spray-Protecting-Heat-8oz-i.40867978.28424088628?extraParams=%7B%22display_model_id%22%3A195739340531%2C%22model_selection_logic%22%3A3%7D&sp_atk=44873774-2af8-4b67-a827-9ee0c8a2275c&xptdk=44873774-2af8-4b67-a827-9ee0c8a2275c,https://down-bs-us.img.susercontent.com/ph-11134207-81ztk-mf96s0rl94i6c0.jpg,,,2025-11-22 17:41:06
Tresemme Hair Styling Spray Protecting Heat 8oz,wavy,"Texture:Water
Fragrance:Mabango sya
Effectiveness:Hindi ko pa natry

Items arrived complete and safe ..thank you so much seller and Kuya Adriel na laging nagdedeliver",0.8200289011001587,heat-protectant; anti-frizz; keratin,Styling Product,johnreypotoza,2025-04-15T13:43:20.000Z,https://shopee.ph/Tresemme-Hair-Styling-Spray-Protecting-Heat-8oz-i.40867978.28424088628?extraParams=%7B%22display_model_id%22%3A195739340531%2C%22model_selection_logic%22%3A3%7D&sp_atk=44873774-2af8-4b67-a827-9ee0c8a2275c&xptdk=44873774-2af8-4b67-a827-9ee0c8a2275c,https://down-bs-us.img.susercontent.com/ph-11134207-81ztk-mf96s0rl94i6c0.jpg,,,2025-11-22 17:41:06
Tresemme Hair Styling Spray Protecting Heat 8oz,wavy,"Texture:ok
Effectiveness:ok
Fragrance:mild",0.5600882768630981,heat-protectant; anti-frizz; keratin,Styling Product,mrose_u,2025-04-10T10:48:48.000Z,https://shopee.ph/Tresemme-Hair-Styling-Spray-Protecting-Heat-8oz-i.40867978.28424088628?extraParams=%7B%22display_model_id%22%3A195739340531%2C%22model_selection_logic%22%3A3%7D&sp_atk=44873774-2af8-4b67-a827-9ee0c8a2275c&xptdk=44873774-2af8-4b67-a827-9ee0c8a2275c,https://down-bs-us.img.susercontent.com/ph-11134207-81ztk-mf96s0rl94i6c0.jpg,,,2025-11-22 17:41:06
Tresemme Hair Styling Spray Protecting Heat 8oz,wavy,"Fragrance:so fragrant
Texture:good
Effectiveness:tbd",0.9413651823997498,heat-protectant; anti-frizz; keratin,Styling Product,jana143,2025-06-14T08:51:06.000Z,https://shopee.ph/Tresemme-Hair-Styling-Spray-Protecting-Heat-8oz-i.40867978.28424088628?extraParams=%7B%22display_model_id%22%3A195739340531%2C%22model_selection_logic%22%3A3%7D&sp_atk=44873774-2af8-4b67-a827-9ee0c8a2275c&xptdk=44873774-2af8-4b67-a827-9ee0c8a2275c,https://down-bs-us.img.susercontent.com/ph-11134207-81ztk-mf96s0rl94i6c0.jpg,,,2025-11-22 17:41:06
Tresemme Hair Styling Spray Protecting Heat 8oz,wavy,"Texture:watery
Effectiveness:10/10
Fragrance:subtle

5 days delivery to Cebu. Same day shipping. Correct & undamaged item. This is my 2nd bottle already and i can say that this is very effective. Di nagddry o naninigas ang hair ko kahit everyday blowdry at plantsa. Hindi rin siya sticky or oily sa buhok or sa kamay kapag inispray. Worth every penny!",0.5606491565704346,heat-protectant; anti-frizz; keratin,Styling Product,macysablad,2025-09-27T04:57:16.000Z,https://shopee.ph/Tresemme-Hair-Styling-Spray-Protecting-Heat-8oz-i.40867978.28424088628?extraParams=%7B%22display_model_id%22%3A195739340531%2C%22model_selection_logic%22%3A3%7D&sp_atk=44873774-2af8-4b67-a827-9ee0c8a2275c&xptdk=44873774-2af8-4b67-a827-9ee0c8a2275c,https://down-bs-us.img.susercontent.com/ph-11134207-81ztk-mf96s0rl94i6c0.jpg,,,2025-11-22 17:41:06
Tresemme Hair Styling Spray Protecting Heat 8oz,wavy,"Texture:Highly recommended! From ordering to delivery, everything was smooth. I’m a very satisfied customer, thank you!
Effectiveness:Wow, I didn’t expect it to be this good! Very easy to use and feels durable. No regrets at all, super happy with this purchase.
Fragrance:Very satisfied with this! The quality is excellent and it met my expectations. Definitely worth the price, highly recommended.",0.9750503897666931,heat-protectant; anti-frizz; keratin,Styling Product,a*****b,2025-10-15T08:28:27.000Z,https://shopee.ph/Tresemme-Hair-Styling-Spray-Protecting-Heat-8oz-i.40867978.28424088628?extraParams=%7B%22display_model_id%22%3A195739340531%2C%22model_selection_logic%22%3A3%7D&sp_atk=44873774-2af8-4b67-a827-9ee0c8a2275c&xptdk=44873774-2af8-4b67-a827-9ee0c8a2275c,https://down-bs-us.img.susercontent.com/ph-11134207-81ztk-mf96s0rl94i6c0.jpg,,,2025-11-22 17:41:07
Tresemme Hair Styling Spray Protecting Heat 8oz,wavy,"Fragrance:ok
Texture:ok

Sadly the packaging was not well upon opening its all over the bubble wrap. It was spilled almost 50mL. I tried to raise my concern on them but they never response.",0.959235429763794,heat-protectant; anti-frizz; keratin,Styling Product,c*****s,2025-04-10T04:49:09.000Z,https://shopee.ph/Tresemme-Hair-Styling-Spray-Protecting-Heat-8oz-i.40867978.28424088628?extraParams=%7B%22display_model_id%22%3A195739340531%2C%22model_selection_logic%22%3A3%7D&sp_atk=44873774-2af8-4b67-a827-9ee0c8a2275c&xptdk=44873774-2af8-4b67-a827-9ee0c8a2275c,https://down-bs-us.img.susercontent.com/ph-11134207-81ztk-mf96s0rl94i6c0.jpg,,,2025-11-22 17:41:07
Tresemme Hair Styling Spray Protecting Heat 8oz,wavy,"Complete naman pero it was only wrapped sa bubble wrap, pero not even sealed individually. Kaya due to shipping and handling, nagleak and nabasag ang cover. Next time pakiayos naman po ng pag wrap. Mukhang legit naman ang store pero ang pag package walang wala sa ayos. Ko",0.9265918135643005,heat-protectant; anti-frizz; keratin,Styling Product,rubytower,2025-04-04T08:41:59.000Z,https://shopee.ph/Tresemme-Hair-Styling-Spray-Protecting-Heat-8oz-i.40867978.28424088628?extraParams=%7B%22display_model_id%22%3A195739340531%2C%22model_selection_logic%22%3A3%7D&sp_atk=44873774-2af8-4b67-a827-9ee0c8a2275c&xptdk=44873774-2af8-4b67-a827-9ee0c8a2275c,https://down-bs-us.img.susercontent.com/ph-11134207-81ztk-mf96s0rl94i6c0.jpg,,,2025-11-22 17:41:07
Tresemme Hair Styling Spray Protecting Heat 8oz,wavy,"I received the product but it spilled. It’s sad that a big company like Unilever didn’t secure the packaging of their product before shipping. I hope they can think of a way to deliver their products that comes with a spray bottle to not leak. Just sad. It comes with a bubble wrap but the spray part of the bottle was just covered up with a tape 

Have not tried the product itself. I hope it is effective",0.9760239720344543,heat-protectant; anti-frizz; keratin,Styling Product,cinnamon_bread,2025-06-02T13:02:55.000Z,https://shopee.ph/Tresemme-Hair-Styling-Spray-Protecting-Heat-8oz-i.40867978.28424088628?extraParams=%7B%22display_model_id%22%3A195739340531%2C%22model_selection_logic%22%3A3%7D&sp_atk=44873774-2af8-4b67-a827-9ee0c8a2275c&xptdk=44873774-2af8-4b67-a827-9ee0c8a2275c,https://down-bs-us.img.susercontent.com/ph-11134207-81ztk-mf96s0rl94i6c0.jpg,,,2025-11-22 17:41:07
Tresemme Hair Styling Spray Protecting Heat 8oz,wavy,grabe yung leak from the bottle,0.4314494729042053,heat-protectant; anti-frizz; keratin,Styling Product,kirstenravana,2025-03-07T20:58:29.000Z,https://shopee.ph/Tresemme-Hair-Styling-Spray-Protecting-Heat-8oz-i.40867978.28424088628?extraParams=%7B%22display_model_id%22%3A195739340531%2C%22model_selection_logic%22%3A3%7D&sp_atk=44873774-2af8-4b67-a827-9ee0c8a2275c&xptdk=44873774-2af8-4b67-a827-9ee0c8a2275c,https://down-bs-us.img.susercontent.com/ph-11134207-81ztk-mf96s0rl94i6c0.jpg,,,2025-11-22 17:41:07
Tresemme Hair Styling Spray Protecting Heat 8oz,wavy,product spilled in the packaging,0.6499654054641724,heat-protectant; anti-frizz; keratin,Styling Product,roselynsoriano,2025-06-19T12:36:04.000Z,https://shopee.ph/Tresemme-Hair-Styling-Spray-Protecting-Heat-8oz-i.40867978.28424088628?extraParams=%7B%22display_model_id%22%3A195739340531%2C%22model_selection_logic%22%3A3%7D&sp_atk=44873774-2af8-4b67-a827-9ee0c8a2275c&xptdk=44873774-2af8-4b67-a827-9ee0c8a2275c,https://down-bs-us.img.susercontent.com/ph-11134207-81ztk-mf96s0rl94i6c0.jpg,,,2025-11-22 17:41:07
Tresemme Hair Styling Spray Protecting Heat 8oz,wavy,"Poor packaging, the product leaked out 😟",0.9690080881118774,heat-protectant; anti-frizz; keratin,Styling Product,piabugz,2025-11-01T13:57:29.000Z,https://shopee.ph/Tresemme-Hair-Styling-Spray-Protecting-Heat-8oz-i.40867978.28424088628?extraParams=%7B%22display_model_id%22%3A195739340531%2C%22model_selection_logic%22%3A3%7D&sp_atk=44873774-2af8-4b67-a827-9ee0c8a2275c&xptdk=44873774-2af8-4b67-a827-9ee0c8a2275c,https://down-bs-us.img.susercontent.com/ph-11134207-81ztk-mf96s0rl94i6c0.jpg,,,2025-11-22 17:41:07
Tresemme Hair Styling Spray Protecting Heat 8oz,wavy,Wala box.,0.5806172490119934,heat-protectant; anti-frizz; keratin,Styling Product,l*****n,2025-08-15T13:19:44.000Z,https://shopee.ph/Tresemme-Hair-Styling-Spray-Protecting-Heat-8oz-i.40867978.28424088628?extraParams=%7B%22display_model_id%22%3A195739340531%2C%22model_selection_logic%22%3A3%7D&sp_atk=44873774-2af8-4b67-a827-9ee0c8a2275c&xptdk=44873774-2af8-4b67-a827-9ee0c8a2275c,https://down-bs-us.img.susercontent.com/ph-11134207-81ztk-mf96s0rl94i6c0.jpg,,,2025-11-22 17:41:07
Tresemme Hair Styling Spray Protecting Heat 8oz,wavy,Item leaked even though packed properly,0.6178640723228455,heat-protectant; anti-frizz; keratin,Styling Product,tyf0oi77oi,2025-06-02T03:40:54.000Z,https://shopee.ph/Tresemme-Hair-Styling-Spray-Protecting-Heat-8oz-i.40867978.28424088628?extraParams=%7B%22display_model_id%22%3A195739340531%2C%22model_selection_logic%22%3A3%7D&sp_atk=44873774-2af8-4b67-a827-9ee0c8a2275c&xptdk=44873774-2af8-4b67-a827-9ee0c8a2275c,https://down-bs-us.img.susercontent.com/ph-11134207-81ztk-mf96s0rl94i6c0.jpg,,,2025-11-22 17:41:07
Tresemme Hair Styling Spray Protecting Heat 8oz,wavy,"Liquid spilled, poor packaging.",0.9652073979377747,heat-protectant; anti-frizz; keratin,Styling Product,rochelleisidro,2025-03-24T22:38:43.000Z,https://shopee.ph/Tresemme-Hair-Styling-Spray-Protecting-Heat-8oz-i.40867978.28424088628?extraParams=%7B%22display_model_id%22%3A195739340531%2C%22model_selection_logic%22%3A3%7D&sp_atk=44873774-2af8-4b67-a827-9ee0c8a2275c&xptdk=44873774-2af8-4b67-a827-9ee0c8a2275c,https://down-bs-us.img.susercontent.com/ph-11134207-81ztk-mf96s0rl94i6c0.jpg,,,2025-11-22 17:41:07
Tresemme Hair Styling Spray Protecting Heat 8oz,wavy,Walang takip na dumating. Nag leak yung items.,0.7890037894248962,heat-protectant; anti-frizz; keratin,Styling Product,bautistajudy,2025-10-22T09:17:13.000Z,https://shopee.ph/Tresemme-Hair-Styling-Spray-Protecting-Heat-8oz-i.40867978.28424088628?extraParams=%7B%22display_model_id%22%3A195739340531%2C%22model_selection_logic%22%3A3%7D&sp_atk=44873774-2af8-4b67-a827-9ee0c8a2275c&xptdk=44873774-2af8-4b67-a827-9ee0c8a2275c,https://down-bs-us.img.susercontent.com/ph-11134207-81ztk-mf96s0rl94i6c0.jpg,,,2025-11-22 17:41:07
Tresemme Hair Styling Spray Protecting Heat 8oz,wavy,LEAKED!,0.4911991059780121,heat-protectant; anti-frizz; keratin,Styling Product,s*****o,2025-06-03T17:46:47.000Z,https://shopee.ph/Tresemme-Hair-Styling-Spray-Protecting-Heat-8oz-i.40867978.28424088628?extraParams=%7B%22display_model_id%22%3A195739340531%2C%22model_selection_logic%22%3A3%7D&sp_atk=44873774-2af8-4b67-a827-9ee0c8a2275c&xptdk=44873774-2af8-4b67-a827-9ee0c8a2275c,https://down-bs-us.img.susercontent.com/ph-11134207-81ztk-mf96s0rl94i6c0.jpg,,,2025-11-22 17:41:07
Tresemme Hair Styling Spray Protecting Heat 8oz,wavy,Product leaked :(,0.9587241411209106,heat-protectant; anti-frizz; keratin,Styling Product,aviqqq,2025-11-09T08:56:54.000Z,https://shopee.ph/Tresemme-Hair-Styling-Spray-Protecting-Heat-8oz-i.40867978.28424088628?extraParams=%7B%22display_model_id%22%3A195739340531%2C%22model_selection_logic%22%3A3%7D&sp_atk=44873774-2af8-4b67-a827-9ee0c8a2275c&xptdk=44873774-2af8-4b67-a827-9ee0c8a2275c,https://down-bs-us.img.susercontent.com/ph-11134207-81ztk-mf96s0rl94i6c0.jpg,,,2025-11-22 17:41:07
Tresemme Hair Styling Spray Protecting Heat 8oz,wavy,Nagleak,0.542032778263092,heat-protectant; anti-frizz; keratin,Styling Product,l*****p,2025-06-05T09:12:58.000Z,https://shopee.ph/Tresemme-Hair-Styling-Spray-Protecting-Heat-8oz-i.40867978.28424088628?extraParams=%7B%22display_model_id%22%3A195739340531%2C%22model_selection_logic%22%3A3%7D&sp_atk=44873774-2af8-4b67-a827-9ee0c8a2275c&xptdk=44873774-2af8-4b67-a827-9ee0c8a2275c,https://down-bs-us.img.susercontent.com/ph-11134207-81ztk-mf96s0rl94i6c0.jpg,,,2025-11-22 17:41:07
Tresemme Hair Styling Spray Protecting Heat 8oz,wavy,poor packaging. may leak.,0.8851078748703003,heat-protectant; anti-frizz; keratin,Styling Product,thinkpixelco,2025-07-17T06:13:58.000Z,https://shopee.ph/Tresemme-Hair-Styling-Spray-Protecting-Heat-8oz-i.40867978.28424088628?extraParams=%7B%22display_model_id%22%3A195739340531%2C%22model_selection_logic%22%3A3%7D&sp_atk=44873774-2af8-4b67-a827-9ee0c8a2275c&xptdk=44873774-2af8-4b67-a827-9ee0c8a2275c,https://down-bs-us.img.susercontent.com/ph-11134207-81ztk-mf96s0rl94i6c0.jpg,,,2025-11-22 17:41:07
Tresemme Hair Styling Spray Protecting Heat 8oz,wavy,Leaked,0.6099444627761841,heat-protectant; anti-frizz; keratin,Styling Product,rairai03,2025-05-08T13:04:37.000Z,https://shopee.ph/Tresemme-Hair-Styling-Spray-Protecting-Heat-8oz-i.40867978.28424088628?extraParams=%7B%22display_model_id%22%3A195739340531%2C%22model_selection_logic%22%3A3%7D&sp_atk=44873774-2af8-4b67-a827-9ee0c8a2275c&xptdk=44873774-2af8-4b67-a827-9ee0c8a2275c,https://down-bs-us.img.susercontent.com/ph-11134207-81ztk-mf96s0rl94i6c0.jpg,,,2025-11-22 17:41:07
Tresemme Hair Styling Spray Protecting Heat 8oz,wavy,Fake advertisements wla naman free n speaker,0.8412615656852722,heat-protectant; anti-frizz; keratin,Styling Product,j*****e,2025-05-09T15:28:32.000Z,https://shopee.ph/Tresemme-Hair-Styling-Spray-Protecting-Heat-8oz-i.40867978.28424088628?extraParams=%7B%22display_model_id%22%3A195739340531%2C%22model_selection_logic%22%3A3%7D&sp_atk=44873774-2af8-4b67-a827-9ee0c8a2275c&xptdk=44873774-2af8-4b67-a827-9ee0c8a2275c,https://down-bs-us.img.susercontent.com/ph-11134207-81ztk-mf96s0rl94i6c0.jpg,,,2025-11-22 17:41:07
Tresemme Hair Styling Spray Protecting Heat 8oz,wavy,poorly packaged,0.9165492653846741,heat-protectant; anti-frizz; keratin,Styling Product,meliodasuu,2025-11-08T09:08:31.000Z,https://shopee.ph/Tresemme-Hair-Styling-Spray-Protecting-Heat-8oz-i.40867978.28424088628?extraParams=%7B%22display_model_id%22%3A195739340531%2C%22model_selection_logic%22%3A3%7D&sp_atk=44873774-2af8-4b67-a827-9ee0c8a2275c&xptdk=44873774-2af8-4b67-a827-9ee0c8a2275c,https://down-bs-us.img.susercontent.com/ph-11134207-81ztk-mf96s0rl94i6c0.jpg,,,2025-11-22 17:41:07
Tresemme Hair Styling Spray Protecting Heat 8oz,wavy,Superb! :),0.9810184240341187,heat-protectant; anti-frizz; keratin,Styling Product,simonj.stocker,2025-10-26T00:15:21.000Z,https://shopee.ph/Tresemme-Hair-Styling-Spray-Protecting-Heat-8oz-i.40867978.28424088628?extraParams=%7B%22display_model_id%22%3A195739340531%2C%22model_selection_logic%22%3A3%7D&sp_atk=44873774-2af8-4b67-a827-9ee0c8a2275c&xptdk=44873774-2af8-4b67-a827-9ee0c8a2275c,https://down-bs-us.img.susercontent.com/ph-11134207-81ztk-mf96s0rl94i6c0.jpg,,,2025-11-22 17:41:08
Tresemme Hair Styling Spray Protecting Heat 8oz,wavy,Maliit lang pala sya. Di ko pa na try pero sana maganda and effective.,0.44161731004714966,heat-protectant; anti-frizz; keratin,Styling Product,m*****1,2025-08-10T07:06:25.000Z,https://shopee.ph/Tresemme-Hair-Styling-Spray-Protecting-Heat-8oz-i.40867978.28424088628?extraParams=%7B%22display_model_id%22%3A195739340531%2C%22model_selection_logic%22%3A3%7D&sp_atk=44873774-2af8-4b67-a827-9ee0c8a2275c&xptdk=44873774-2af8-4b67-a827-9ee0c8a2275c,https://down-bs-us.img.susercontent.com/ph-11134207-81ztk-mf96s0rl94i6c0.jpg,,,2025-11-22 17:41:08
Tresemme Hair Styling Spray Protecting Heat 8oz,wavy,Item not packed securely. It leaked already. So disappointing.😔,0.9729620218276978,heat-protectant; anti-frizz; keratin,Styling Product,latitatrouve,2025-06-28T08:27:39.000Z,https://shopee.ph/Tresemme-Hair-Styling-Spray-Protecting-Heat-8oz-i.40867978.28424088628?extraParams=%7B%22display_model_id%22%3A195739340531%2C%22model_selection_logic%22%3A3%7D&sp_atk=44873774-2af8-4b67-a827-9ee0c8a2275c&xptdk=44873774-2af8-4b67-a827-9ee0c8a2275c,https://down-bs-us.img.susercontent.com/ph-11134207-81ztk-mf96s0rl94i6c0.jpg,,,2025-11-22 17:41:08
Tresemme Hair Styling Spray Protecting Heat 8oz,wavy,Packaging was not secure. Significant amount already spilled when received. I hope this improves next time.,0.9279632568359375,heat-protectant; anti-frizz; keratin,Styling Product,g*****d,2025-07-10T04:03:12.000Z,https://shopee.ph/Tresemme-Hair-Styling-Spray-Protecting-Heat-8oz-i.40867978.28424088628?extraParams=%7B%22display_model_id%22%3A195739340531%2C%22model_selection_logic%22%3A3%7D&sp_atk=44873774-2af8-4b67-a827-9ee0c8a2275c&xptdk=44873774-2af8-4b67-a827-9ee0c8a2275c,https://down-bs-us.img.susercontent.com/ph-11134207-81ztk-mf96s0rl94i6c0.jpg,,,2025-11-22 17:41:08
Tresemme Hair Styling Spray Protecting Heat 8oz,wavy,It's not packed properly nagkaroon ng leak when I opened the parcel wet n siya Kasi nagkaroon ng leak,0.9363012909889221,heat-protectant; anti-frizz; keratin,Styling Product,e*****a,2025-05-21T16:29:50.000Z,https://shopee.ph/Tresemme-Hair-Styling-Spray-Protecting-Heat-8oz-i.40867978.28424088628?extraParams=%7B%22display_model_id%22%3A195739340531%2C%22model_selection_logic%22%3A3%7D&sp_atk=44873774-2af8-4b67-a827-9ee0c8a2275c&xptdk=44873774-2af8-4b67-a827-9ee0c8a2275c,https://down-bs-us.img.susercontent.com/ph-11134207-81ztk-mf96s0rl94i6c0.jpg,,,2025-11-22 17:41:08
Tresemme Hair Styling Spray Protecting Heat 8oz,wavy,The product leaked due to poor packaging. As a shopee mall seller I'm sure you can do better.,0.6042290329933167,heat-protectant; anti-frizz; keratin,Styling Product,c*****4,2025-05-13T01:54:13.000Z,https://shopee.ph/Tresemme-Hair-Styling-Spray-Protecting-Heat-8oz-i.40867978.28424088628?extraParams=%7B%22display_model_id%22%3A195739340531%2C%22model_selection_logic%22%3A3%7D&sp_atk=44873774-2af8-4b67-a827-9ee0c8a2275c&xptdk=44873774-2af8-4b67-a827-9ee0c8a2275c,https://down-bs-us.img.susercontent.com/ph-11134207-81ztk-mf96s0rl94i6c0.jpg,,,2025-11-22 17:41:08
Tresemme Hair Styling Spray Protecting Heat 8oz,wavy,Haven’t tried yet. Sana maganda. Kaso un packaging di ayos may leak at nayupi na,0.7650733590126038,heat-protectant; anti-frizz; keratin,Styling Product,rhylbumanlagvillanueva,2025-07-16T09:05:53.000Z,https://shopee.ph/Tresemme-Hair-Styling-Spray-Protecting-Heat-8oz-i.40867978.28424088628?extraParams=%7B%22display_model_id%22%3A195739340531%2C%22model_selection_logic%22%3A3%7D&sp_atk=44873774-2af8-4b67-a827-9ee0c8a2275c&xptdk=44873774-2af8-4b67-a827-9ee0c8a2275c,https://down-bs-us.img.susercontent.com/ph-11134207-81ztk-mf96s0rl94i6c0.jpg,,,2025-11-22 17:41:08
Tresemme Hair Styling Spray Protecting Heat 8oz,wavy,theres a lot of spillage from the product due to poor packaging,0.9506137371063232,heat-protectant; anti-frizz; keratin,Styling Product,lacusclyne26,2025-05-21T13:29:41.000Z,https://shopee.ph/Tresemme-Hair-Styling-Spray-Protecting-Heat-8oz-i.40867978.28424088628?extraParams=%7B%22display_model_id%22%3A195739340531%2C%22model_selection_logic%22%3A3%7D&sp_atk=44873774-2af8-4b67-a827-9ee0c8a2275c&xptdk=44873774-2af8-4b67-a827-9ee0c8a2275c,https://down-bs-us.img.susercontent.com/ph-11134207-81ztk-mf96s0rl94i6c0.jpg,,,2025-11-22 17:41:08
Tresemme Hair Styling Spray Protecting Heat 8oz,wavy,Took a while before they shipped the item. Poorly packed that’s why the bottle leaked.,0.964682400226593,heat-protectant; anti-frizz; keratin,Styling Product,mymissinpiece,2025-03-06T23:59:49.000Z,https://shopee.ph/Tresemme-Hair-Styling-Spray-Protecting-Heat-8oz-i.40867978.28424088628?extraParams=%7B%22display_model_id%22%3A195739340531%2C%22model_selection_logic%22%3A3%7D&sp_atk=44873774-2af8-4b67-a827-9ee0c8a2275c&xptdk=44873774-2af8-4b67-a827-9ee0c8a2275c,https://down-bs-us.img.susercontent.com/ph-11134207-81ztk-mf96s0rl94i6c0.jpg,,,2025-11-22 17:41:08
Tresemme Hair Styling Spray Protecting Heat 8oz,wavy,Wished the product was packed better. It spilled during delivery.,0.9347808957099915,heat-protectant; anti-frizz; keratin,Styling Product,a*****k,2025-05-07T10:45:51.000Z,https://shopee.ph/Tresemme-Hair-Styling-Spray-Protecting-Heat-8oz-i.40867978.28424088628?extraParams=%7B%22display_model_id%22%3A195739340531%2C%22model_selection_logic%22%3A3%7D&sp_atk=44873774-2af8-4b67-a827-9ee0c8a2275c&xptdk=44873774-2af8-4b67-a827-9ee0c8a2275c,https://down-bs-us.img.susercontent.com/ph-11134207-81ztk-mf96s0rl94i6c0.jpg,,,2025-11-22 17:41:08
Tresemme Hair Styling Spray Protecting Heat 8oz,wavy,Giving this v low rating due to delivery. Package was NOT intact and the contents spilled. Pretty sure this is a good protectant but the way it was delivered was the complete opposite of ‘protected’,0.9606486558914185,heat-protectant; anti-frizz; keratin,Styling Product,pauraymundo,2025-06-16T04:11:02.000Z,https://shopee.ph/Tresemme-Hair-Styling-Spray-Protecting-Heat-8oz-i.40867978.28424088628?extraParams=%7B%22display_model_id%22%3A195739340531%2C%22model_selection_logic%22%3A3%7D&sp_atk=44873774-2af8-4b67-a827-9ee0c8a2275c&xptdk=44873774-2af8-4b67-a827-9ee0c8a2275c,https://down-bs-us.img.susercontent.com/ph-11134207-81ztk-mf96s0rl94i6c0.jpg,,,2025-11-22 17:41:08
Tresemme Hair Styling Spray Protecting Heat 8oz,wavy,The item was not properly packed by the seller. Kalahati nlng laman ng bottle nung nareceive ko.,0.771605908870697,heat-protectant; anti-frizz; keratin,Styling Product,t*****o,2025-07-15T21:43:07.000Z,https://shopee.ph/Tresemme-Hair-Styling-Spray-Protecting-Heat-8oz-i.40867978.28424088628?extraParams=%7B%22display_model_id%22%3A195739340531%2C%22model_selection_logic%22%3A3%7D&sp_atk=44873774-2af8-4b67-a827-9ee0c8a2275c&xptdk=44873774-2af8-4b67-a827-9ee0c8a2275c,https://down-bs-us.img.susercontent.com/ph-11134207-81ztk-mf96s0rl94i6c0.jpg,,,2025-11-22 17:41:08
Tresemme Hair Styling Spray Protecting Heat 8oz,wavy,package leaked a bit since the nozzle and spray handle wasn't secured,0.7526969313621521,heat-protectant; anti-frizz; keratin,Styling Product,dotydotydoty,2025-08-11T16:11:06.000Z,https://shopee.ph/Tresemme-Hair-Styling-Spray-Protecting-Heat-8oz-i.40867978.28424088628?extraParams=%7B%22display_model_id%22%3A195739340531%2C%22model_selection_logic%22%3A3%7D&sp_atk=44873774-2af8-4b67-a827-9ee0c8a2275c&xptdk=44873774-2af8-4b67-a827-9ee0c8a2275c,https://down-bs-us.img.susercontent.com/ph-11134207-81ztk-mf96s0rl94i6c0.jpg,,,2025-11-22 17:41:08
Tresemme Hair Styling Spray Protecting Heat 8oz,wavy,"I am a bit disappointed with the packaging and the delivery period. Look how it was wrapped with just a tape, finding it so hard for me to remove the tape. Ang tagal rin ng pag deliver.",0.973310649394989,heat-protectant; anti-frizz; keratin,Styling Product,a*****n,2025-09-19T07:56:28.000Z,https://shopee.ph/Tresemme-Hair-Styling-Spray-Protecting-Heat-8oz-i.40867978.28424088628?extraParams=%7B%22display_model_id%22%3A195739340531%2C%22model_selection_logic%22%3A3%7D&sp_atk=44873774-2af8-4b67-a827-9ee0c8a2275c&xptdk=44873774-2af8-4b67-a827-9ee0c8a2275c,https://down-bs-us.img.susercontent.com/ph-11134207-81ztk-mf96s0rl94i6c0.jpg,,,2025-11-22 17:41:08
Tresemme Hair Styling Spray Protecting Heat 8oz,wavy,I haven’t tried the product as I just received it. But I was not very happy with the packaging. The sealed package was a bit wet.  There was a small leak.,0.9388945698738098,heat-protectant; anti-frizz; keratin,Styling Product,e*****1,2025-06-03T16:28:35.000Z,https://shopee.ph/Tresemme-Hair-Styling-Spray-Protecting-Heat-8oz-i.40867978.28424088628?extraParams=%7B%22display_model_id%22%3A195739340531%2C%22model_selection_logic%22%3A3%7D&sp_atk=44873774-2af8-4b67-a827-9ee0c8a2275c&xptdk=44873774-2af8-4b67-a827-9ee0c8a2275c,https://down-bs-us.img.susercontent.com/ph-11134207-81ztk-mf96s0rl94i6c0.jpg,,,2025-11-22 17:41:08
Tresemme Hair Styling Spray Protecting Heat 8oz,wavy,Dumating super basa ng loob tapon tapon :(,0.9826291799545288,heat-protectant; anti-frizz; keratin,Styling Product,sarahcaparas,2025-07-17T03:23:24.000Z,https://shopee.ph/Tresemme-Hair-Styling-Spray-Protecting-Heat-8oz-i.40867978.28424088628?extraParams=%7B%22display_model_id%22%3A195739340531%2C%22model_selection_logic%22%3A3%7D&sp_atk=44873774-2af8-4b67-a827-9ee0c8a2275c&xptdk=44873774-2af8-4b67-a827-9ee0c8a2275c,https://down-bs-us.img.susercontent.com/ph-11134207-81ztk-mf96s0rl94i6c0.jpg,,,2025-11-22 17:41:08
Tresemme Hair Styling Spray Protecting Heat 8oz,wavy,Effectiveness:nice,0.9031575918197632,heat-protectant; anti-frizz; keratin,Styling Product,f*****a,2025-08-09T03:48:25.000Z,https://shopee.ph/Tresemme-Hair-Styling-Spray-Protecting-Heat-8oz-i.40867978.28424088628?extraParams=%7B%22display_model_id%22%3A195739340531%2C%22model_selection_logic%22%3A3%7D&sp_atk=44873774-2af8-4b67-a827-9ee0c8a2275c&xptdk=44873774-2af8-4b67-a827-9ee0c8a2275c,https://down-bs-us.img.susercontent.com/ph-11134207-81ztk-mf96s0rl94i6c0.jpg,,,2025-11-22 17:41:08
Tresemme Hair Styling Spray Protecting Heat 8oz,wavy,"Texture:ok
Fragrance:ok
Effectiveness:n/a di pa natry

Not sure if legit item. It arrived naka tape lang sa ibabaw then yung black na plastic na ng shopee, basang basa kasi nagleak ang item. Wala ng ibang plastic to secure the product. Not recomended seller.",0.8030615448951721,heat-protectant; anti-frizz; keratin,Styling Product,l*****a,2025-11-21T05:57:05.000Z,https://shopee.ph/Tresemme-Hair-Styling-Spray-Protecting-Heat-8oz-i.40867978.28424088628?extraParams=%7B%22display_model_id%22%3A195739340531%2C%22model_selection_logic%22%3A3%7D&sp_atk=44873774-2af8-4b67-a827-9ee0c8a2275c&xptdk=44873774-2af8-4b67-a827-9ee0c8a2275c,https://down-bs-us.img.susercontent.com/ph-11134207-81ztk-mf96s0rl94i6c0.jpg,,,2025-11-22 17:41:09
Tresemme Hair Styling Spray Protecting Heat 8oz,wavy,"the packed is well packed, it was delivered immediately.. All items are in good condition.. Thank you will order again..",0.7947523593902588,heat-protectant; anti-frizz; keratin,Styling Product,e*****7,2025-09-27T00:20:05.000Z,https://shopee.ph/Tresemme-Hair-Styling-Spray-Protecting-Heat-8oz-i.40867978.28424088628?extraParams=%7B%22display_model_id%22%3A195739340531%2C%22model_selection_logic%22%3A3%7D&sp_atk=44873774-2af8-4b67-a827-9ee0c8a2275c&xptdk=44873774-2af8-4b67-a827-9ee0c8a2275c,https://down-bs-us.img.susercontent.com/ph-11134207-81ztk-mf96s0rl94i6c0.jpg,,,2025-11-22 17:41:09
Tresemme Hair Styling Spray Protecting Heat 8oz,wavy,"""Great product, fast delivery. Highly recommend! Good quality, satisfied customer. Fast shipping and excellent service too.""",0.9656745195388794,heat-protectant; anti-frizz; keratin,Styling Product,a*****i,2025-07-06T12:56:07.000Z,https://shopee.ph/Tresemme-Hair-Styling-Spray-Protecting-Heat-8oz-i.40867978.28424088628?extraParams=%7B%22display_model_id%22%3A195739340531%2C%22model_selection_logic%22%3A3%7D&sp_atk=44873774-2af8-4b67-a827-9ee0c8a2275c&xptdk=44873774-2af8-4b67-a827-9ee0c8a2275c,https://down-bs-us.img.susercontent.com/ph-11134207-81ztk-mf96s0rl94i6c0.jpg,,,2025-11-22 17:41:09
Tresemme Hair Styling Spray Protecting Heat 8oz,wavy,"Fragrance:10:10

I read a lot about this product and i cant wait to try it on my hair. Hope it helps my hair and prevent damage. It took a little long to deliver but the package is okay. Thank you seller",0.947966456413269,heat-protectant; anti-frizz; keratin,Styling Product,dhine_batiquin,2025-11-09T16:43:30.000Z,https://shopee.ph/Tresemme-Hair-Styling-Spray-Protecting-Heat-8oz-i.40867978.28424088628?extraParams=%7B%22display_model_id%22%3A195739340531%2C%22model_selection_logic%22%3A3%7D&sp_atk=44873774-2af8-4b67-a827-9ee0c8a2275c&xptdk=44873774-2af8-4b67-a827-9ee0c8a2275c,https://down-bs-us.img.susercontent.com/ph-11134207-81ztk-mf96s0rl94i6c0.jpg,,,2025-11-22 17:41:09
Tresemme Hair Styling Spray Protecting Heat 8oz,wavy,Packed naman ng maayos pero nag leak pa rin huhu,0.877723753452301,heat-protectant; anti-frizz; keratin,Styling Product,closetheloop.ph,2025-09-22T14:50:07.000Z,https://shopee.ph/Tresemme-Hair-Styling-Spray-Protecting-Heat-8oz-i.40867978.28424088628?extraParams=%7B%22display_model_id%22%3A195739340531%2C%22model_selection_logic%22%3A3%7D&sp_atk=44873774-2af8-4b67-a827-9ee0c8a2275c&xptdk=44873774-2af8-4b67-a827-9ee0c8a2275c,https://down-bs-us.img.susercontent.com/ph-11134207-81ztk-mf96s0rl94i6c0.jpg,,,2025-11-22 17:41:09
Tresemme Hair Styling Spray Protecting Heat 8oz,wavy,"Effectiveness:it’s ok
Fragrance:good

No damage. Was a little late in shipping but no problem. It works and doesn’t make hair sticky but this also won’t make your hair really smooth.",0.7688799500465393,heat-protectant; anti-frizz; keratin,Styling Product,s*****h,2025-06-10T03:22:31.000Z,https://shopee.ph/Tresemme-Hair-Styling-Spray-Protecting-Heat-8oz-i.40867978.28424088628?extraParams=%7B%22display_model_id%22%3A195739340531%2C%22model_selection_logic%22%3A3%7D&sp_atk=44873774-2af8-4b67-a827-9ee0c8a2275c&xptdk=44873774-2af8-4b67-a827-9ee0c8a2275c,https://down-bs-us.img.susercontent.com/ph-11134207-81ztk-mf96s0rl94i6c0.jpg,,,2025-11-22 17:41:09
Tresemme Hair Styling Spray Protecting Heat 8oz,wavy,"Effectiveness:not yet try
Fragrance:10/10
Texture:10/10",0.8483852744102478,heat-protectant; anti-frizz; keratin,Styling Product,y*****0,2025-10-28T08:51:00.000Z,https://shopee.ph/Tresemme-Hair-Styling-Spray-Protecting-Heat-8oz-i.40867978.28424088628?extraParams=%7B%22display_model_id%22%3A195739340531%2C%22model_selection_logic%22%3A3%7D&sp_atk=44873774-2af8-4b67-a827-9ee0c8a2275c&xptdk=44873774-2af8-4b67-a827-9ee0c8a2275c,https://down-bs-us.img.susercontent.com/ph-11134207-81ztk-mf96s0rl94i6c0.jpg,,,2025-11-22 17:41:09
Tresemme Hair Styling Spray Protecting Heat 8oz,wavy,ok packaging maganda kasu nagkaruon parin nang leak sa product yung mismong item pala hindi siya naka proper seal,0.8330797553062439,heat-protectant; anti-frizz; keratin,Styling Product,tonettelee,2025-11-13T10:17:23.000Z,https://shopee.ph/Tresemme-Hair-Styling-Spray-Protecting-Heat-8oz-i.40867978.28424088628?extraParams=%7B%22display_model_id%22%3A195739340531%2C%22model_selection_logic%22%3A3%7D&sp_atk=44873774-2af8-4b67-a827-9ee0c8a2275c&xptdk=44873774-2af8-4b67-a827-9ee0c8a2275c,https://down-bs-us.img.susercontent.com/ph-11134207-81ztk-mf96s0rl94i6c0.jpg,,,2025-11-22 17:41:09
Tresemme Hair Styling Spray Protecting Heat 8oz,wavy,"When the product arrived, it had already spilled. Hopefully, the next time I order, it will be properly packed.",0.4377278685569763,heat-protectant; anti-frizz; keratin,Styling Product,n*****n,2025-06-26T05:09:07.000Z,https://shopee.ph/Tresemme-Hair-Styling-Spray-Protecting-Heat-8oz-i.40867978.28424088628?extraParams=%7B%22display_model_id%22%3A195739340531%2C%22model_selection_logic%22%3A3%7D&sp_atk=44873774-2af8-4b67-a827-9ee0c8a2275c&xptdk=44873774-2af8-4b67-a827-9ee0c8a2275c,https://down-bs-us.img.susercontent.com/ph-11134207-81ztk-mf96s0rl94i6c0.jpg,,,2025-11-22 17:41:09
Tresemme Hair Styling Spray Protecting Heat 8oz,wavy,"Natapon laman :( dapat kasi lagyan naman ng ""this way up liquid content"" kaya ganyan na ang gumamit yung wrapper at karton tsk",0.9683905839920044,heat-protectant; anti-frizz; keratin,Styling Product,z*****y,2025-05-28T10:08:50.000Z,https://shopee.ph/Tresemme-Hair-Styling-Spray-Protecting-Heat-8oz-i.40867978.28424088628?extraParams=%7B%22display_model_id%22%3A195739340531%2C%22model_selection_logic%22%3A3%7D&sp_atk=44873774-2af8-4b67-a827-9ee0c8a2275c&xptdk=44873774-2af8-4b67-a827-9ee0c8a2275c,https://down-bs-us.img.susercontent.com/ph-11134207-81ztk-mf96s0rl94i6c0.jpg,,,2025-11-22 17:41:09
Tresemme Hair Styling Spray Protecting Heat 8oz,wavy,Just want to try this coz I do blow dry my hair every single day. Hope this works on my hair. Love that tresemme has it and not that big packaging.,0.973893940448761,heat-protectant; anti-frizz; keratin,Styling Product,r*****7,2025-07-11T03:39:23.000Z,https://shopee.ph/Tresemme-Hair-Styling-Spray-Protecting-Heat-8oz-i.40867978.28424088628?extraParams=%7B%22display_model_id%22%3A195739340531%2C%22model_selection_logic%22%3A3%7D&sp_atk=44873774-2af8-4b67-a827-9ee0c8a2275c&xptdk=44873774-2af8-4b67-a827-9ee0c8a2275c,https://down-bs-us.img.susercontent.com/ph-11134207-81ztk-mf96s0rl94i6c0.jpg,,,2025-11-22 17:41:09
Tresemme Hair Styling Spray Protecting Heat 8oz,wavy,5 days delivery to Manila. I used it as instructed. It wasn't sticky but it made my hair a little stiff. Or maybe I just sprayed alot. The long term effect is still yet to be determined.,0.7215645909309387,heat-protectant; anti-frizz; keratin,Styling Product,m*****d,2025-08-07T14:00:47.000Z,https://shopee.ph/Tresemme-Hair-Styling-Spray-Protecting-Heat-8oz-i.40867978.28424088628?extraParams=%7B%22display_model_id%22%3A195739340531%2C%22model_selection_logic%22%3A3%7D&sp_atk=44873774-2af8-4b67-a827-9ee0c8a2275c&xptdk=44873774-2af8-4b67-a827-9ee0c8a2275c,https://down-bs-us.img.susercontent.com/ph-11134207-81ztk-mf96s0rl94i6c0.jpg,,,2025-11-22 17:41:09
Tresemme Hair Styling Spray Protecting Heat 8oz,wavy,I hope you can improve your packaging. This product costs about 500 pesos only to receive less than the amount we paid for.,0.6106902956962585,heat-protectant; anti-frizz; keratin,Styling Product,r*****a,2025-08-30T11:18:17.000Z,https://shopee.ph/Tresemme-Hair-Styling-Spray-Protecting-Heat-8oz-i.40867978.28424088628?extraParams=%7B%22display_model_id%22%3A195739340531%2C%22model_selection_logic%22%3A3%7D&sp_atk=44873774-2af8-4b67-a827-9ee0c8a2275c&xptdk=44873774-2af8-4b67-a827-9ee0c8a2275c,https://down-bs-us.img.susercontent.com/ph-11134207-81ztk-mf96s0rl94i6c0.jpg,,,2025-11-22 17:41:09
Tresemme Hair Styling Spray Protecting Heat 8oz,wavy,Well packaged,0.7682662606239319,heat-protectant; anti-frizz; keratin,Styling Product,a*****e,2025-08-13T02:06:15.000Z,https://shopee.ph/Tresemme-Hair-Styling-Spray-Protecting-Heat-8oz-i.40867978.28424088628?extraParams=%7B%22display_model_id%22%3A195739340531%2C%22model_selection_logic%22%3A3%7D&sp_atk=44873774-2af8-4b67-a827-9ee0c8a2275c&xptdk=44873774-2af8-4b67-a827-9ee0c8a2275c,https://down-bs-us.img.susercontent.com/ph-11134207-81ztk-mf96s0rl94i6c0.jpg,,,2025-11-22 17:41:09
Tresemme Hair Styling Spray Protecting Heat 8oz,wavy,"Not yet used. Delayed delivery 
Hopefully this would work for its purpose. It has a lock mode so it will not be used randomly. Safe for dry hair",0.47549334168434143,heat-protectant; anti-frizz; keratin,Styling Product,a*****e,2025-05-12T05:07:54.000Z,https://shopee.ph/Tresemme-Hair-Styling-Spray-Protecting-Heat-8oz-i.40867978.28424088628?extraParams=%7B%22display_model_id%22%3A195739340531%2C%22model_selection_logic%22%3A3%7D&sp_atk=44873774-2af8-4b67-a827-9ee0c8a2275c&xptdk=44873774-2af8-4b67-a827-9ee0c8a2275c,https://down-bs-us.img.susercontent.com/ph-11134207-81ztk-mf96s0rl94i6c0.jpg,,,2025-11-22 17:41:09
Tresemme Hair Styling Spray Protecting Heat 8oz,wavy,i have been using this for some time na. so far so good! next time ulit bibili na naman ako. super sulit talaga sa shopee! thank you!,0.8804187774658203,heat-protectant; anti-frizz; keratin,Styling Product,a*****r,2025-07-24T10:38:49.000Z,https://shopee.ph/Tresemme-Hair-Styling-Spray-Protecting-Heat-8oz-i.40867978.28424088628?extraParams=%7B%22display_model_id%22%3A195739340531%2C%22model_selection_logic%22%3A3%7D&sp_atk=44873774-2af8-4b67-a827-9ee0c8a2275c&xptdk=44873774-2af8-4b67-a827-9ee0c8a2275c,https://down-bs-us.img.susercontent.com/ph-11134207-81ztk-mf96s0rl94i6c0.jpg,,,2025-11-22 17:41:10
Tresemme Hair Styling Spray Protecting Heat 8oz,wavy,"Not a fan of the smell, but I really need a heat protectant for my hair without breaking the bank. Hope this works for me",0.9356507062911987,heat-protectant; anti-frizz; keratin,Styling Product,a*****2,2025-03-02T05:56:11.000Z,https://shopee.ph/Tresemme-Hair-Styling-Spray-Protecting-Heat-8oz-i.40867978.28424088628?extraParams=%7B%22display_model_id%22%3A195739340531%2C%22model_selection_logic%22%3A3%7D&sp_atk=44873774-2af8-4b67-a827-9ee0c8a2275c&xptdk=44873774-2af8-4b67-a827-9ee0c8a2275c,https://down-bs-us.img.susercontent.com/ph-11134207-81ztk-mf96s0rl94i6c0.jpg,,,2025-11-22 17:41:10
Tresemme Hair Styling Spray Protecting Heat 8oz,wavy,ganda di na masusunog buhok ko masyado sa plantsa o blower,0.4414500296115875,heat-protectant; anti-frizz; keratin,Styling Product,emslim0202,2025-06-26T07:59:07.000Z,https://shopee.ph/Tresemme-Hair-Styling-Spray-Protecting-Heat-8oz-i.40867978.28424088628?extraParams=%7B%22display_model_id%22%3A195739340531%2C%22model_selection_logic%22%3A3%7D&sp_atk=44873774-2af8-4b67-a827-9ee0c8a2275c&xptdk=44873774-2af8-4b67-a827-9ee0c8a2275c,https://down-bs-us.img.susercontent.com/ph-11134207-81ztk-mf96s0rl94i6c0.jpg,,,2025-11-22 17:41:10
Tresemme Hair Styling Spray Protecting Heat 8oz,wavy,Effectiveness:medyo nagspill ng konti. Hindi secured ang pagkakabalot.,0.5985702872276306,heat-protectant; anti-frizz; keratin,Styling Product,r*****o,2025-07-24T14:38:41.000Z,https://shopee.ph/Tresemme-Hair-Styling-Spray-Protecting-Heat-8oz-i.40867978.28424088628?extraParams=%7B%22display_model_id%22%3A195739340531%2C%22model_selection_logic%22%3A3%7D&sp_atk=44873774-2af8-4b67-a827-9ee0c8a2275c&xptdk=44873774-2af8-4b67-a827-9ee0c8a2275c,https://down-bs-us.img.susercontent.com/ph-11134207-81ztk-mf96s0rl94i6c0.jpg,,,2025-11-22 17:41:10
Tresemme Hair Styling Spray Protecting Heat 8oz,wavy,"Effectiveness:good

Using this for years, though iba na bottle nila compared sa dating color red and keratin nakalagay sa packaging. Don't know if bago na ang formula. Good for everyday blow. 

Sana lang buong bottle ang binalutan ng karton, hndi ung head lang, kase upon delivery, leaked talaga sya, buti na lang hndi kadamihan, kaso  as in  soaked ug karton na nakabalot sa head. Tsk.",0.5557124018669128,heat-protectant; anti-frizz; keratin,Styling Product,s*****2,2025-05-08T00:08:15.000Z,https://shopee.ph/Tresemme-Hair-Styling-Spray-Protecting-Heat-8oz-i.40867978.28424088628?extraParams=%7B%22display_model_id%22%3A195739340531%2C%22model_selection_logic%22%3A3%7D&sp_atk=44873774-2af8-4b67-a827-9ee0c8a2275c&xptdk=44873774-2af8-4b67-a827-9ee0c8a2275c,https://down-bs-us.img.susercontent.com/ph-11134207-81ztk-mf96s0rl94i6c0.jpg,,,2025-11-22 17:41:10
Tresemme Hair Styling Spray Protecting Heat 8oz,wavy,"Effectiveness:not so effective
Texture:malagkit

Idk about your preference pero mabaho siya for me nung ginamit ko sa hair then i did blower as well buong araw ganon amoy ko nakaka irita parang kulob na ewan used it once malagkit and not soft sa buhok sayang lang to mahal pa naman",0.9713317155838013,heat-protectant; anti-frizz; keratin,Styling Product,vwv_wvw,2025-11-16T10:09:54.000Z,https://shopee.ph/Tresemme-Hair-Styling-Spray-Protecting-Heat-8oz-i.40867978.28424088628?extraParams=%7B%22display_model_id%22%3A195739340531%2C%22model_selection_logic%22%3A3%7D&sp_atk=44873774-2af8-4b67-a827-9ee0c8a2275c&xptdk=44873774-2af8-4b67-a827-9ee0c8a2275c,https://down-bs-us.img.susercontent.com/ph-11134207-81ztk-mf96s0rl94i6c0.jpg,,,2025-11-22 17:41:10
Tresemme Hair Styling Spray Protecting Heat 8oz,wavy,"Effectiveness:this product is awesome. Keeps my hair soft and shiny. Plus, keeps the styling intact the whole day!!
Fragrance:just right

Poor packaging. Product leaked. Haven’t tried. But will updated after use.",0.972854495048523,heat-protectant; anti-frizz; keratin,Styling Product,k*****o,2025-05-20T13:35:37.000Z,https://shopee.ph/Tresemme-Hair-Styling-Spray-Protecting-Heat-8oz-i.40867978.28424088628?extraParams=%7B%22display_model_id%22%3A195739340531%2C%22model_selection_logic%22%3A3%7D&sp_atk=44873774-2af8-4b67-a827-9ee0c8a2275c&xptdk=44873774-2af8-4b67-a827-9ee0c8a2275c,https://down-bs-us.img.susercontent.com/ph-11134207-81ztk-mf96s0rl94i6c0.jpg,,,2025-11-22 17:41:10
Tresemme Hair Styling Spray Protecting Heat 8oz,wavy,"Fragrance:mild
Effectiveness:good
Texture:good

i didnt try it yet i hope it does what it does",0.9437047839164734,heat-protectant; anti-frizz; keratin,Styling Product,i*****1,2025-04-19T20:11:58.000Z,https://shopee.ph/Tresemme-Hair-Styling-Spray-Protecting-Heat-8oz-i.40867978.28424088628?extraParams=%7B%22display_model_id%22%3A195739340531%2C%22model_selection_logic%22%3A3%7D&sp_atk=44873774-2af8-4b67-a827-9ee0c8a2275c&xptdk=44873774-2af8-4b67-a827-9ee0c8a2275c,https://down-bs-us.img.susercontent.com/ph-11134207-81ztk-mf96s0rl94i6c0.jpg,,,2025-11-22 17:41:10
Tresemme Hair Styling Spray Protecting Heat 8oz,wavy,Thank you Seller! Item was delivered safely and was in perfect condition. Will definitely order again! This helps protect my hair!,0.9869369864463806,heat-protectant; anti-frizz; keratin,Styling Product,c*****3,2025-07-13T04:59:58.000Z,https://shopee.ph/Tresemme-Hair-Styling-Spray-Protecting-Heat-8oz-i.40867978.28424088628?extraParams=%7B%22display_model_id%22%3A195739340531%2C%22model_selection_logic%22%3A3%7D&sp_atk=44873774-2af8-4b67-a827-9ee0c8a2275c&xptdk=44873774-2af8-4b67-a827-9ee0c8a2275c,https://down-bs-us.img.susercontent.com/ph-11134207-81ztk-mf96s0rl94i6c0.jpg,,,2025-11-22 17:41:10
Tresemme Hair Styling Spray Protecting Heat 8oz,wavy,The item was outstanding. The packaging was ever so nice. Delivery was immensely quick. Item was first-rate quality. 💙🤍✨,0.9707086682319641,heat-protectant; anti-frizz; keratin,Styling Product,m*****v,2025-08-21T08:13:14.000Z,https://shopee.ph/Tresemme-Hair-Styling-Spray-Protecting-Heat-8oz-i.40867978.28424088628?extraParams=%7B%22display_model_id%22%3A195739340531%2C%22model_selection_logic%22%3A3%7D&sp_atk=44873774-2af8-4b67-a827-9ee0c8a2275c&xptdk=44873774-2af8-4b67-a827-9ee0c8a2275c,https://down-bs-us.img.susercontent.com/ph-11134207-81ztk-mf96s0rl94i6c0.jpg,,,2025-11-22 17:41:10
Tresemme Hair Styling Spray Protecting Heat 8oz,wavy,"TRESemmé Heat Protectant Spray shields hair from damage, adds shine, and smooths strands. Lightweight, non-sticky—perfect for styling with heat daily!",0.9681901931762695,heat-protectant; anti-frizz; keratin,Styling Product,m*****o,2025-07-10T12:54:05.000Z,https://shopee.ph/Tresemme-Hair-Styling-Spray-Protecting-Heat-8oz-i.40867978.28424088628?extraParams=%7B%22display_model_id%22%3A195739340531%2C%22model_selection_logic%22%3A3%7D&sp_atk=44873774-2af8-4b67-a827-9ee0c8a2275c&xptdk=44873774-2af8-4b67-a827-9ee0c8a2275c,https://down-bs-us.img.susercontent.com/ph-11134207-81ztk-mf96s0rl94i6c0.jpg,,,2025-11-22 17:41:10
Tresemme Hair Styling Spray Protecting Heat 8oz,wavy,"Effectiveness:Effective
Fragrance:Mabango

Hindi nag amoy sunog ang buhok ko after ko i straighten ang buhok ko.

Mabilis na shipped. 
Maayos ko na received ang item. 
Hindi nag leak. 
Thank you seller!",0.8717084527015686,heat-protectant; anti-frizz; keratin,Styling Product,c*****y,2025-05-01T10:43:05.000Z,https://shopee.ph/Tresemme-Hair-Styling-Spray-Protecting-Heat-8oz-i.40867978.28424088628?extraParams=%7B%22display_model_id%22%3A195739340531%2C%22model_selection_logic%22%3A3%7D&sp_atk=44873774-2af8-4b67-a827-9ee0c8a2275c&xptdk=44873774-2af8-4b67-a827-9ee0c8a2275c,https://down-bs-us.img.susercontent.com/ph-11134207-81ztk-mf96s0rl94i6c0.jpg,,,2025-11-22 17:41:10
Tresemme Hair Styling Spray Protecting Heat 8oz,wavy,"Effectiveness:good product to prep hair for ironing or blower
Fragrance:not too strong",0.5964075922966003,heat-protectant; anti-frizz; keratin,Styling Product,c*****a,2025-08-20T21:06:53.000Z,https://shopee.ph/Tresemme-Hair-Styling-Spray-Protecting-Heat-8oz-i.40867978.28424088628?extraParams=%7B%22display_model_id%22%3A195739340531%2C%22model_selection_logic%22%3A3%7D&sp_atk=44873774-2af8-4b67-a827-9ee0c8a2275c&xptdk=44873774-2af8-4b67-a827-9ee0c8a2275c,https://down-bs-us.img.susercontent.com/ph-11134207-81ztk-mf96s0rl94i6c0.jpg,,,2025-11-22 17:41:10
Tresemme Hair Styling Spray Protecting Heat 8oz,wavy,Product is very good. However it shouled be delivered in a more secure way as there are some leakage when I received it.,0.5222352147102356,heat-protectant; anti-frizz; keratin,Styling Product,g*****a,2025-11-12T02:04:41.000Z,https://shopee.ph/Tresemme-Hair-Styling-Spray-Protecting-Heat-8oz-i.40867978.28424088628?extraParams=%7B%22display_model_id%22%3A195739340531%2C%22model_selection_logic%22%3A3%7D&sp_atk=44873774-2af8-4b67-a827-9ee0c8a2275c&xptdk=44873774-2af8-4b67-a827-9ee0c8a2275c,https://down-bs-us.img.susercontent.com/ph-11134207-81ztk-mf96s0rl94i6c0.jpg,,,2025-11-22 17:41:10
Tresemme Hair Styling Spray Protecting Heat 8oz,wavy,Bilis ng deliver ang bango thank you 🥰,0.9577832818031311,heat-protectant; anti-frizz; keratin,Styling Product,jamaiahatanacio,2025-02-26T07:30:13.000Z,https://shopee.ph/Tresemme-Hair-Styling-Spray-Protecting-Heat-8oz-i.40867978.28424088628?extraParams=%7B%22display_model_id%22%3A195739340531%2C%22model_selection_logic%22%3A3%7D&sp_atk=44873774-2af8-4b67-a827-9ee0c8a2275c&xptdk=44873774-2af8-4b67-a827-9ee0c8a2275c,https://down-bs-us.img.susercontent.com/ph-11134207-81ztk-mf96s0rl94i6c0.jpg,,,2025-11-22 17:41:10
Tresemme Hair Styling Spray Protecting Heat 8oz,wavy,"Mabilis ang shipment thank you do much.
Not yet try.",0.8312490582466125,heat-protectant; anti-frizz; keratin,Styling Product,axelalferez120394,2025-06-09T03:53:13.000Z,https://shopee.ph/Tresemme-Hair-Styling-Spray-Protecting-Heat-8oz-i.40867978.28424088628?extraParams=%7B%22display_model_id%22%3A195739340531%2C%22model_selection_logic%22%3A3%7D&sp_atk=44873774-2af8-4b67-a827-9ee0c8a2275c&xptdk=44873774-2af8-4b67-a827-9ee0c8a2275c,https://down-bs-us.img.susercontent.com/ph-11134207-81ztk-mf96s0rl94i6c0.jpg,,,2025-11-22 17:41:11
Tresemme Hair Styling Spray Protecting Heat 8oz,wavy,This is a nice cheap heat protectant spray. I tried to change my order but they ship fast. I got it within 1 to 2 days. It does the job well and protects the hair. However drying takes long since i coat my hair with this but my hair is still shiny and soft despite blow drying everyday.,0.8532080054283142,heat-protectant; anti-frizz; keratin,Styling Product,t*****s,2025-03-15T14:22:02.000Z,https://shopee.ph/Tresemme-Hair-Styling-Spray-Protecting-Heat-8oz-i.40867978.28424088628?extraParams=%7B%22display_model_id%22%3A195739340531%2C%22model_selection_logic%22%3A3%7D&sp_atk=44873774-2af8-4b67-a827-9ee0c8a2275c&xptdk=44873774-2af8-4b67-a827-9ee0c8a2275c,https://down-bs-us.img.susercontent.com/ph-11134207-81ztk-mf96s0rl94i6c0.jpg,,,2025-11-22 17:41:11
Tresemme Hair Styling Spray Protecting Heat 8oz,wavy,so much product for a good price have not tried it yet but i super reccomend thanks for protecting my hair tresemme!!!!!!!,0.9168643355369568,heat-protectant; anti-frizz; keratin,Styling Product,gabangcls,2025-04-29T07:47:53.000Z,https://shopee.ph/Tresemme-Hair-Styling-Spray-Protecting-Heat-8oz-i.40867978.28424088628?extraParams=%7B%22display_model_id%22%3A195739340531%2C%22model_selection_logic%22%3A3%7D&sp_atk=44873774-2af8-4b67-a827-9ee0c8a2275c&xptdk=44873774-2af8-4b67-a827-9ee0c8a2275c,https://down-bs-us.img.susercontent.com/ph-11134207-81ztk-mf96s0rl94i6c0.jpg,,,2025-11-22 17:41:11
Tresemme Hair Styling Spray Protecting Heat 8oz,wavy,"I tried it on my hair, but I honestly don’t recommend it. After using my curling iron, my hair felt unprotected from the heat, it was almost like it got burnt and it didn’t feel smooth at all. The Heatsy Peasy gave my hair much better results.",0.8506096005439758,heat-protectant; anti-frizz; keratin,Styling Product,r*****4,2025-08-23T08:58:21.000Z,https://shopee.ph/Tresemme-Hair-Styling-Spray-Protecting-Heat-8oz-i.40867978.28424088628?extraParams=%7B%22display_model_id%22%3A195739340531%2C%22model_selection_logic%22%3A3%7D&sp_atk=44873774-2af8-4b67-a827-9ee0c8a2275c&xptdk=44873774-2af8-4b67-a827-9ee0c8a2275c,https://down-bs-us.img.susercontent.com/ph-11134207-81ztk-mf96s0rl94i6c0.jpg,,,2025-11-22 17:41:11
Tresemme Hair Styling Spray Protecting Heat 8oz,wavy,"No spill or leakage
Packed well
Haven't tried it yet but i hope it really works
Usually mag blower or iron lang naman ako if lalabas
Thanks po",0.8616465330123901,heat-protectant; anti-frizz; keratin,Styling Product,n*****e,2025-07-01T04:58:19.000Z,https://shopee.ph/Tresemme-Hair-Styling-Spray-Protecting-Heat-8oz-i.40867978.28424088628?extraParams=%7B%22display_model_id%22%3A195739340531%2C%22model_selection_logic%22%3A3%7D&sp_atk=44873774-2af8-4b67-a827-9ee0c8a2275c&xptdk=44873774-2af8-4b67-a827-9ee0c8a2275c,https://down-bs-us.img.susercontent.com/ph-11134207-81ztk-mf96s0rl94i6c0.jpg,,,2025-11-22 17:41:11
Tresemme Hair Styling Spray Protecting Heat 8oz,wavy,First time trying this spray. So far it’s doing its job on the hair naman. Definitely a must try if you always style your hair :),0.9811083674430847,heat-protectant; anti-frizz; keratin,Styling Product,c*****o,2025-10-06T01:48:38.000Z,https://shopee.ph/Tresemme-Hair-Styling-Spray-Protecting-Heat-8oz-i.40867978.28424088628?extraParams=%7B%22display_model_id%22%3A195739340531%2C%22model_selection_logic%22%3A3%7D&sp_atk=44873774-2af8-4b67-a827-9ee0c8a2275c&xptdk=44873774-2af8-4b67-a827-9ee0c8a2275c,https://down-bs-us.img.susercontent.com/ph-11134207-81ztk-mf96s0rl94i6c0.jpg,,,2025-11-22 17:41:11
Tresemme Hair Styling Spray Protecting Heat 8oz,wavy,very well packed! thank you!,0.8965684175491333,heat-protectant; anti-frizz; keratin,Styling Product,l*****m,2025-09-28T03:43:22.000Z,https://shopee.ph/Tresemme-Hair-Styling-Spray-Protecting-Heat-8oz-i.40867978.28424088628?extraParams=%7B%22display_model_id%22%3A195739340531%2C%22model_selection_logic%22%3A3%7D&sp_atk=44873774-2af8-4b67-a827-9ee0c8a2275c&xptdk=44873774-2af8-4b67-a827-9ee0c8a2275c,https://down-bs-us.img.susercontent.com/ph-11134207-81ztk-mf96s0rl94i6c0.jpg,,,2025-11-22 17:41:11
Tresemme Hair Styling Spray Protecting Heat 8oz,wavy,"Despite the numerous feedback in the comment section, seller has not done anything responsive to address the issue. See picture showing leakage. This, despite sending seller a message to ensure secure packaging. Sayang sa pera yung natapon.",0.9063080549240112,heat-protectant; anti-frizz; keratin,Styling Product,p*****8,2025-09-26T09:49:57.000Z,https://shopee.ph/Tresemme-Hair-Styling-Spray-Protecting-Heat-8oz-i.40867978.28424088628?extraParams=%7B%22display_model_id%22%3A195739340531%2C%22model_selection_logic%22%3A3%7D&sp_atk=44873774-2af8-4b67-a827-9ee0c8a2275c&xptdk=44873774-2af8-4b67-a827-9ee0c8a2275c,https://down-bs-us.img.susercontent.com/ph-11134207-81ztk-mf96s0rl94i6c0.jpg,,,2025-11-22 17:41:11
Tresemme Hair Styling Spray Protecting Heat 8oz,wavy,"Fragrance:mild

Been using it for about a month now and I’ve noticed that my ends don’t look as fried compared to when I don’t use a heat protectant. The formula is slightly watery so you do have to spray liberally to ensure the strands are coated. I would also recommend applying a leave in before heat protectant since the protectant doesn’t have moisture and slip",0.5428622364997864,heat-protectant; anti-frizz; keratin,Styling Product,viatality,2025-10-16T02:02:23.000Z,https://shopee.ph/Tresemme-Hair-Styling-Spray-Protecting-Heat-8oz-i.40867978.28424088628?extraParams=%7B%22display_model_id%22%3A195739340531%2C%22model_selection_logic%22%3A3%7D&sp_atk=44873774-2af8-4b67-a827-9ee0c8a2275c&xptdk=44873774-2af8-4b67-a827-9ee0c8a2275c,https://down-bs-us.img.susercontent.com/ph-11134207-81ztk-mf96s0rl94i6c0.jpg,,,2025-11-22 17:41:11
Tresemme Hair Styling Spray Protecting Heat 8oz,wavy,"Fragrance:it smells nice
Effectiveness:I still haven't used it",0.5853303670883179,heat-protectant; anti-frizz; keratin,Styling Product,a*****n,2025-04-09T06:49:07.000Z,https://shopee.ph/Tresemme-Hair-Styling-Spray-Protecting-Heat-8oz-i.40867978.28424088628?extraParams=%7B%22display_model_id%22%3A195739340531%2C%22model_selection_logic%22%3A3%7D&sp_atk=44873774-2af8-4b67-a827-9ee0c8a2275c&xptdk=44873774-2af8-4b67-a827-9ee0c8a2275c,https://down-bs-us.img.susercontent.com/ph-11134207-81ztk-mf96s0rl94i6c0.jpg,,,2025-11-22 17:41:11
Tresemme Hair Styling Spray Protecting Heat 8oz,wavy,"Texture:ok
Fragrance:sakto lng yong amoy
Effectiveness:not sure pa

Sana nman auosin nyo pg oina dala kc mahal din bili namin toos pg receive ng leak yo g bottle wet n yong plastick .daming mga comment dito halos same scenario lng .e return ko sana pro huwag nlng 👎",0.6857759952545166,heat-protectant; anti-frizz; keratin,Styling Product,eneliarevalliv,2025-10-04T07:55:18.000Z,https://shopee.ph/Tresemme-Hair-Styling-Spray-Protecting-Heat-8oz-i.40867978.28424088628?extraParams=%7B%22display_model_id%22%3A195739340531%2C%22model_selection_logic%22%3A3%7D&sp_atk=44873774-2af8-4b67-a827-9ee0c8a2275c&xptdk=44873774-2af8-4b67-a827-9ee0c8a2275c,https://down-bs-us.img.susercontent.com/ph-11134207-81ztk-mf96s0rl94i6c0.jpg,,,2025-11-22 17:41:11
Tresemme Hair Styling Spray Protecting Heat 8oz,wavy,Seller must focus on learning how to pack this item securely without getting spilled. Ok sana eh mabango mild lang and scent. Still to try in my hair.,0.38861262798309326,heat-protectant; anti-frizz; keratin,Styling Product,l*****p,2025-03-06T14:15:21.000Z,https://shopee.ph/Tresemme-Hair-Styling-Spray-Protecting-Heat-8oz-i.40867978.28424088628?extraParams=%7B%22display_model_id%22%3A195739340531%2C%22model_selection_logic%22%3A3%7D&sp_atk=44873774-2af8-4b67-a827-9ee0c8a2275c&xptdk=44873774-2af8-4b67-a827-9ee0c8a2275c,https://down-bs-us.img.susercontent.com/ph-11134207-81ztk-mf96s0rl94i6c0.jpg,,,2025-11-22 17:41:11
Tresemme Hair Styling Spray Protecting Heat 8oz,wavy,"Fragrance:Its mild !
Effectiveness:For heat styling .
Texture:Smooth.

I use it with tressmme one step volume spray first for the roots . then apply this one all over .",0.548272967338562,heat-protectant; anti-frizz; keratin,Styling Product,s*****s,2025-10-16T05:56:12.000Z,https://shopee.ph/Tresemme-Hair-Styling-Spray-Protecting-Heat-8oz-i.40867978.28424088628?extraParams=%7B%22display_model_id%22%3A195739340531%2C%22model_selection_logic%22%3A3%7D&sp_atk=44873774-2af8-4b67-a827-9ee0c8a2275c&xptdk=44873774-2af8-4b67-a827-9ee0c8a2275c,https://down-bs-us.img.susercontent.com/ph-11134207-81ztk-mf96s0rl94i6c0.jpg,,,2025-11-22 17:41:12
Tresemme Hair Styling Spray Protecting Heat 8oz,wavy,"Fragrance:has a light scent but isn't too much, just right
Effectiveness:works as described
Texture:very lightweight

such a great product! prefer heat sprays rather than oils as its more efficient to use. highly recommend getting!",0.9298937916755676,heat-protectant; anti-frizz; keratin,Styling Product,p*****a,2025-07-19T09:09:17.000Z,https://shopee.ph/Tresemme-Hair-Styling-Spray-Protecting-Heat-8oz-i.40867978.28424088628?extraParams=%7B%22display_model_id%22%3A195739340531%2C%22model_selection_logic%22%3A3%7D&sp_atk=44873774-2af8-4b67-a827-9ee0c8a2275c&xptdk=44873774-2af8-4b67-a827-9ee0c8a2275c,https://down-bs-us.img.susercontent.com/ph-11134207-81ztk-mf96s0rl94i6c0.jpg,,,2025-11-22 17:41:12
Tresemme Hair Styling Spray Protecting Heat 8oz,wavy,"Texture:hindi malagkit at hindi tumitigas ang buhok
Fragrance:mabango
Effectiveness:okay sya",0.8123154044151306,heat-protectant; anti-frizz; keratin,Styling Product,mercyteves,2025-10-16T11:15:10.000Z,https://shopee.ph/Tresemme-Hair-Styling-Spray-Protecting-Heat-8oz-i.40867978.28424088628?extraParams=%7B%22display_model_id%22%3A195739340531%2C%22model_selection_logic%22%3A3%7D&sp_atk=44873774-2af8-4b67-a827-9ee0c8a2275c&xptdk=44873774-2af8-4b67-a827-9ee0c8a2275c,https://down-bs-us.img.susercontent.com/ph-11134207-81ztk-mf96s0rl94i6c0.jpg,,,2025-11-22 17:41:12
Tresemme Hair Styling Spray Protecting Heat 8oz,wavy,"Effectiveness:Works for my hair type!

My go-to brand for heat protection. I’ve used different variations of this product pero lahat Tresemmé. All goods!",0.9888023734092712,heat-protectant; anti-frizz; keratin,Styling Product,t*****5,2025-10-22T10:03:07.000Z,https://shopee.ph/Tresemme-Hair-Styling-Spray-Protecting-Heat-8oz-i.40867978.28424088628?extraParams=%7B%22display_model_id%22%3A195739340531%2C%22model_selection_logic%22%3A3%7D&sp_atk=44873774-2af8-4b67-a827-9ee0c8a2275c&xptdk=44873774-2af8-4b67-a827-9ee0c8a2275c,https://down-bs-us.img.susercontent.com/ph-11134207-81ztk-mf96s0rl94i6c0.jpg,,,2025-11-22 17:41:12
Tresemme Hair Styling Spray Protecting Heat 8oz,wavy,"Impressed with the quality and performance!Sturdy, easy to use, and worth the price. This product quickly became part of my daily routine. Highly recommend it!",0.9862252473831177,heat-protectant; anti-frizz; keratin,Styling Product,a*****i,2025-08-08T04:34:10.000Z,https://shopee.ph/Tresemme-Hair-Styling-Spray-Protecting-Heat-8oz-i.40867978.28424088628?extraParams=%7B%22display_model_id%22%3A195739340531%2C%22model_selection_logic%22%3A3%7D&sp_atk=44873774-2af8-4b67-a827-9ee0c8a2275c&xptdk=44873774-2af8-4b67-a827-9ee0c8a2275c,https://down-bs-us.img.susercontent.com/ph-11134207-81ztk-mf96s0rl94i6c0.jpg,,,2025-11-22 17:41:12
Tresemme Hair Styling Spray Protecting Heat 8oz,wavy,"Effectiveness:i think quite effective; not yet sure
Texture:just like the ones you find at the salon
Fragrance:very mild hair spray; doesn't smell too synthetic

ordered 3.3, received 3.4. also had a bit of leakage as the packaging isn't really that secured. it smells like those things you usually find at the salon but it doesn't come off too strong and too synthetic. hopefully it does its job of protecting my hair from heat damage.",0.6273801326751709,heat-protectant; anti-frizz; keratin,Styling Product,mlrn9,2025-03-04T14:32:59.000Z,https://shopee.ph/Tresemme-Hair-Styling-Spray-Protecting-Heat-8oz-i.40867978.28424088628?extraParams=%7B%22display_model_id%22%3A195739340531%2C%22model_selection_logic%22%3A3%7D&sp_atk=44873774-2af8-4b67-a827-9ee0c8a2275c&xptdk=44873774-2af8-4b67-a827-9ee0c8a2275c,https://down-bs-us.img.susercontent.com/ph-11134207-81ztk-mf96s0rl94i6c0.jpg,,,2025-11-22 17:41:12
Tresemme Hair Styling Spray Protecting Heat 8oz,wavy,The item is so nice. Good quality. Correct size and color. No damage. Packaging is okay. Delivered on time. Will order again. Thank you very much.,0.9476063847541809,heat-protectant; anti-frizz; keratin,Styling Product,g*****1,2025-04-22T16:44:18.000Z,https://shopee.ph/Tresemme-Hair-Styling-Spray-Protecting-Heat-8oz-i.40867978.28424088628?extraParams=%7B%22display_model_id%22%3A195739340531%2C%22model_selection_logic%22%3A3%7D&sp_atk=44873774-2af8-4b67-a827-9ee0c8a2275c&xptdk=44873774-2af8-4b67-a827-9ee0c8a2275c,https://down-bs-us.img.susercontent.com/ph-11134207-81ztk-mf96s0rl94i6c0.jpg,,,2025-11-22 17:41:12
Tresemme Hair Styling Spray Protecting Heat 8oz,wavy,"Fragrance:Nothing too strong
Effectiveness:Easy to Absorbed by the hair
Texture:Wet but Light

Been using this for weeks now, and I could attest to its effectiveness and quality. A must try. Despite styling my hair using heating tools, my hair is kept healthy and silky smooth without the damage and dryness.",0.9052279591560364,heat-protectant; anti-frizz; keratin,Styling Product,w*****_,2025-11-13T12:18:41.000Z,https://shopee.ph/Tresemme-Hair-Styling-Spray-Protecting-Heat-8oz-i.40867978.28424088628?extraParams=%7B%22display_model_id%22%3A195739340531%2C%22model_selection_logic%22%3A3%7D&sp_atk=44873774-2af8-4b67-a827-9ee0c8a2275c&xptdk=44873774-2af8-4b67-a827-9ee0c8a2275c,https://down-bs-us.img.susercontent.com/ph-11134207-81ztk-mf96s0rl94i6c0.jpg,,,2025-11-22 17:41:12
Tresemme Hair Styling Spray Protecting Heat 8oz,wavy,"I have been using this product for quite some time already...hard to find in malls...glad that such a store exists and sells it online here at shopee...Items were packed well, received without any damage nor spills...Thanls Seller",0.759718656539917,heat-protectant; anti-frizz; keratin,Styling Product,r*****m,2025-06-06T14:33:22.000Z,https://shopee.ph/Tresemme-Hair-Styling-Spray-Protecting-Heat-8oz-i.40867978.28424088628?extraParams=%7B%22display_model_id%22%3A195739340531%2C%22model_selection_logic%22%3A3%7D&sp_atk=44873774-2af8-4b67-a827-9ee0c8a2275c&xptdk=44873774-2af8-4b67-a827-9ee0c8a2275c,https://down-bs-us.img.susercontent.com/ph-11134207-81ztk-mf96s0rl94i6c0.jpg,,,2025-11-22 17:41:12
Tresemme Hair Styling Spray Protecting Heat 8oz,wavy,"Effectiveness:i hope it is effective.
Fragrance:it has a nice smell.
Texture:it feels nice and light. It is not sticky. I hope it will work well to protect my hair from the heat during styling.",0.9473970532417297,heat-protectant; anti-frizz; keratin,Styling Product,d*****1,2025-08-24T00:09:54.000Z,https://shopee.ph/Tresemme-Hair-Styling-Spray-Protecting-Heat-8oz-i.40867978.28424088628?extraParams=%7B%22display_model_id%22%3A195739340531%2C%22model_selection_logic%22%3A3%7D&sp_atk=44873774-2af8-4b67-a827-9ee0c8a2275c&xptdk=44873774-2af8-4b67-a827-9ee0c8a2275c,https://down-bs-us.img.susercontent.com/ph-11134207-81ztk-mf96s0rl94i6c0.jpg,,,2025-11-22 17:41:12
Tresemme Hair Styling Spray Protecting Heat 8oz,wavy,"Texture:liquid
Fragrance:smells good
Effectiveness:have not tried

I am excited to use this product. I hope this will protect my hair from any damages that my curler can do to my hair.

Thank you seller and shopee.",0.9672127366065979,heat-protectant; anti-frizz; keratin,Styling Product,kristinacheng,2025-02-21T14:32:10.000Z,https://shopee.ph/Tresemme-Hair-Styling-Spray-Protecting-Heat-8oz-i.40867978.28424088628?extraParams=%7B%22display_model_id%22%3A195739340531%2C%22model_selection_logic%22%3A3%7D&sp_atk=44873774-2af8-4b67-a827-9ee0c8a2275c&xptdk=44873774-2af8-4b67-a827-9ee0c8a2275c,https://down-bs-us.img.susercontent.com/ph-11134207-81ztk-mf96s0rl94i6c0.jpg,,,2025-11-22 17:41:12
Tresemme Hair Styling Spray Protecting Heat 8oz,wavy,"Effectiveness:Seems really effective. I like how my hair looks after using it

Was shipped immediately and packed in securely. Makes my hair feel bouncy after ironing",0.9711712002754211,heat-protectant; anti-frizz; keratin,Styling Product,b*****e,2025-05-23T10:44:13.000Z,https://shopee.ph/Tresemme-Hair-Styling-Spray-Protecting-Heat-8oz-i.40867978.28424088628?extraParams=%7B%22display_model_id%22%3A195739340531%2C%22model_selection_logic%22%3A3%7D&sp_atk=44873774-2af8-4b67-a827-9ee0c8a2275c&xptdk=44873774-2af8-4b67-a827-9ee0c8a2275c,https://down-bs-us.img.susercontent.com/ph-11134207-81ztk-mf96s0rl94i6c0.jpg,,,2025-11-22 17:41:12
Tresemme Hair Styling Spray Protecting Heat 8oz,wavy,"Fragrance:mild fragrance, not strong smell on nose 💝
Effectiveness:great, protects hair
Texture:watery consistency, so it coats hair well

very fast delivery 🚚 
well-packaged 
✨✨✨",0.8172231316566467,heat-protectant; anti-frizz; keratin,Styling Product,kim06...,2025-07-08T00:27:40.000Z,https://shopee.ph/Tresemme-Hair-Styling-Spray-Protecting-Heat-8oz-i.40867978.28424088628?extraParams=%7B%22display_model_id%22%3A195739340531%2C%22model_selection_logic%22%3A3%7D&sp_atk=44873774-2af8-4b67-a827-9ee0c8a2275c&xptdk=44873774-2af8-4b67-a827-9ee0c8a2275c,https://down-bs-us.img.susercontent.com/ph-11134207-81ztk-mf96s0rl94i6c0.jpg,,,2025-11-22 17:41:13
Tresemme Hair Styling Spray Protecting Heat 8oz,wavy,okay naman yung delivery nabababasa ko naman sa mga review na maayos ang item at ang pagkakakasend ni seller dahil nga sa order kaya naman ganun,0.7517557740211487,heat-protectant; anti-frizz; keratin,Styling Product,l*****2,2025-10-07T21:47:06.000Z,https://shopee.ph/Tresemme-Hair-Styling-Spray-Protecting-Heat-8oz-i.40867978.28424088628?extraParams=%7B%22display_model_id%22%3A195739340531%2C%22model_selection_logic%22%3A3%7D&sp_atk=44873774-2af8-4b67-a827-9ee0c8a2275c&xptdk=44873774-2af8-4b67-a827-9ee0c8a2275c,https://down-bs-us.img.susercontent.com/ph-11134207-81ztk-mf96s0rl94i6c0.jpg,,,2025-11-22 17:41:13
Tresemme Hair Styling Spray Protecting Heat 8oz,wavy,Fast delivery. Complete order. Nice scent. Not too strong. Will definitely order again. Nice product. Good quality. .,0.8444232940673828,heat-protectant; anti-frizz; keratin,Styling Product,k*****e,2025-07-12T22:18:54.000Z,https://shopee.ph/Tresemme-Hair-Styling-Spray-Protecting-Heat-8oz-i.40867978.28424088628?extraParams=%7B%22display_model_id%22%3A195739340531%2C%22model_selection_logic%22%3A3%7D&sp_atk=44873774-2af8-4b67-a827-9ee0c8a2275c&xptdk=44873774-2af8-4b67-a827-9ee0c8a2275c,https://down-bs-us.img.susercontent.com/ph-11134207-81ztk-mf96s0rl94i6c0.jpg,,,2025-11-22 17:41:13
Tresemme Hair Styling Spray Protecting Heat 8oz,wavy,"Effectiveness:Effective
Texture:Soft on the hair
Fragrance:Mildly scented

Protects hair from daily exposure to heat, especially due to styling. The product is effective.",0.9221574664115906,heat-protectant; anti-frizz; keratin,Styling Product,l*****n,2025-04-29T09:31:19.000Z,https://shopee.ph/Tresemme-Hair-Styling-Spray-Protecting-Heat-8oz-i.40867978.28424088628?extraParams=%7B%22display_model_id%22%3A195739340531%2C%22model_selection_logic%22%3A3%7D&sp_atk=44873774-2af8-4b67-a827-9ee0c8a2275c&xptdk=44873774-2af8-4b67-a827-9ee0c8a2275c,https://down-bs-us.img.susercontent.com/ph-11134207-81ztk-mf96s0rl94i6c0.jpg,,,2025-11-22 17:41:13
Tresemme Hair Styling Spray Protecting Heat 8oz,wavy,"Texture:soft
Fragrance:mabango
Effectiveness:maybe a little

It holds the curl but maybe not for so long. After ko kasi i curl I brushed my hair kaya nagloose ung curls. Then after an hour nawala na ung curl ng hair ko. Maybe it depends on the hair type since I have thick strands and hair. I am using dyson airwrap for my curls.",0.6434057950973511,heat-protectant; anti-frizz; keratin,Styling Product,tonirosedador,2025-08-14T14:33:38.000Z,https://shopee.ph/Tresemme-Hair-Styling-Spray-Protecting-Heat-8oz-i.40867978.28424088628?extraParams=%7B%22display_model_id%22%3A195739340531%2C%22model_selection_logic%22%3A3%7D&sp_atk=44873774-2af8-4b67-a827-9ee0c8a2275c&xptdk=44873774-2af8-4b67-a827-9ee0c8a2275c,https://down-bs-us.img.susercontent.com/ph-11134207-81ztk-mf96s0rl94i6c0.jpg,,,2025-11-22 17:41:13
Tresemme Hair Styling Spray Protecting Heat 8oz,wavy,Malambor sa hair and walang strong smell. Very luxe ng packaging and maganda yung lock,0.8147220611572266,heat-protectant; anti-frizz; keratin,Styling Product,k*****e,2025-03-08T01:48:37.000Z,https://shopee.ph/Tresemme-Hair-Styling-Spray-Protecting-Heat-8oz-i.40867978.28424088628?extraParams=%7B%22display_model_id%22%3A195739340531%2C%22model_selection_logic%22%3A3%7D&sp_atk=44873774-2af8-4b67-a827-9ee0c8a2275c&xptdk=44873774-2af8-4b67-a827-9ee0c8a2275c,https://down-bs-us.img.susercontent.com/ph-11134207-81ztk-mf96s0rl94i6c0.jpg,,,2025-11-22 17:41:13
Tresemme Hair Styling Spray Protecting Heat 8oz,wavy,Really good heat protection spray! It saves my hair from heat styling everyday. God knows how damaged my hair will be without this. Will repurchase as this isn’t sticky as other heat protection hairsprays.,0.9272177815437317,heat-protectant; anti-frizz; keratin,Styling Product,h*****n,2025-05-04T12:18:58.000Z,https://shopee.ph/Tresemme-Hair-Styling-Spray-Protecting-Heat-8oz-i.40867978.28424088628?extraParams=%7B%22display_model_id%22%3A195739340531%2C%22model_selection_logic%22%3A3%7D&sp_atk=44873774-2af8-4b67-a827-9ee0c8a2275c&xptdk=44873774-2af8-4b67-a827-9ee0c8a2275c,https://down-bs-us.img.susercontent.com/ph-11134207-81ztk-mf96s0rl94i6c0.jpg,,,2025-11-22 17:41:13
Tresemme Hair Styling Spray Protecting Heat 8oz,wavy,"Texture:Watery
Fragrance:Smells nice
Effectiveness:It serves its purpose very well

Thank you for shipping and delivering the item fast and well cared. Recommended",0.9578537344932556,heat-protectant; anti-frizz; keratin,Styling Product,j*****h,2025-04-28T13:18:21.000Z,https://shopee.ph/Tresemme-Hair-Styling-Spray-Protecting-Heat-8oz-i.40867978.28424088628?extraParams=%7B%22display_model_id%22%3A195739340531%2C%22model_selection_logic%22%3A3%7D&sp_atk=44873774-2af8-4b67-a827-9ee0c8a2275c&xptdk=44873774-2af8-4b67-a827-9ee0c8a2275c,https://down-bs-us.img.susercontent.com/ph-11134207-81ztk-mf96s0rl94i6c0.jpg,,,2025-11-22 17:41:13
